bun test v1.4.2 (744846f84)

packages/gateway-myfatoorah/src/conformance.test.ts:
(pass) MyFatoorah gateway conformance (applicable) > passes structural + offline webhook fixture cases [16.79ms]

packages/gateway-myfatoorah/src/factory.test.ts:
(skip) myfatoorahGateway > rejects empty apiToken
(skip) myfatoorahGateway > rejects unknown country
(pass) myfatoorahGateway > rejects non-HTTPS webhookUrl http://merchant.example/webhook [0.26ms]
(pass) myfatoorahGateway > rejects non-HTTPS webhookUrl not-a-url [0.09ms]
(skip) myfatoorahGateway > accepts HTTPS webhookUrl
(skip) myfatoorahGateway > accepts a public hostname that starts with 10.
(pass) myfatoorahGateway > rejects non-public webhook host https://10.0.0.1/webhook [0.33ms]
(pass) myfatoorahGateway > rejects non-public webhook host https://192.168.1.1/webhook [0.04ms]
(pass) myfatoorahGateway > rejects non-public webhook host https://169.254.1.1/webhook [0.02ms]
(pass) myfatoorahGateway > rejects non-public webhook host https://[fd12:3456:789a::1]/webhook [0.05ms]
(skip) myfatoorahGateway > trims apiToken and webhookSecret
(skip) myfatoorahGateway > rejects non-string webhookSecret
(skip) myfatoorahGateway > rejects non-positive timeoutMs on the factory and the gateway
(skip) myfatoorahGateway > resolves sandbox and live base URLs by country
(skip) myfatoorahGateway > closes over secrets and keeps them off the manifest
(skip) myfatoorahGateway > composes with createPaymentClient without core factory edits

packages/gateway-myfatoorah/src/factory.types.test.ts:

packages/gateway-myfatoorah/src/gateway.test.ts:
(skip) MyFatoorahGateway.createPayment > posts V3 with Idempotency-Key, ISO Order.Amount, and Redirection
(skip) MyFatoorahGateway.createPayment > sends config webhookUrl and PaymentMethod / language / customer
(skip) MyFatoorahGateway.createPayment > maps PaymentCompleted + paid evidence to succeeded / paid without redirect
(skip) MyFatoorahGateway.createPayment > maps legacy flat paid evidence (InvoiceStatus + TransactionDetails.Status) as paid
(skip) MyFatoorahGateway.createPayment > retries post-submit network errors on create only for KWT/SAU — timeout abort is indeterminate
(skip) MyFatoorahGateway.createPayment > does not mark pre-send connect/DNS TypeError as postSubmit indeterminate outside KWT/SAU — retries then throws retryable NetworkError
(skip) MyFatoorahGateway.createPayment > returns indeterminate when a mutating 2xx has no InvoiceId
(skip) MyFatoorahGateway.createPayment > returns indeterminate when a mutating 2xx has neither PaymentURL nor paid evidence
(skip) MyFatoorahGateway.createPayment > rejects capture: false with the authorization capability, no fetch
(skip) MyFatoorahGateway.createPayment > rejects missing idempotencyKey without fetching
(skip) MyFatoorahGateway.createPayment > rejects a non-HTTPS callbackUrl without fetching
(skip) MyFatoorahGateway.createPayment > rejects raw PCI card sources without fetching
(skip) MyFatoorahGateway.createPayment > rejects both myfatoorahSessionId and myfatoorahToken without fetching
(skip) MyFatoorahGateway.createPayment > sends SourceOfFund.Token for myfatoorahToken
(skip) MyFatoorahGateway.createPayment > accepts UDF1..UDF5 string metadata and rejects other keys
(skip) MyFatoorahGateway.createPayment > retries create once without Idempotency-Key on an idempotency validation error
(skip) MyFatoorahGateway.createPayment > retries create once without Idempotency-Key on a 400 ValidationErrors object body
(skip) MyFatoorahGateway.createPayment > does not drop Idempotency-Key on an idempotency conflict (different body)
(skip) MyFatoorahGateway.createPayment > does not auto-retry the headerless create POST after submit (MF-CRIT-2)
(skip) MyFatoorahGateway.createPayment > does not send Idempotency-Key outside KWT/SAU
(skip) MyFatoorahGateway.createPayment > requires orderId or myfatoorahCustomer.reference outside KWT/SAU
(skip) MyFatoorahGateway.createPayment > picks the currency-matching ValueIn* field on paid create
(skip) MyFatoorahGateway.createPayment > omits the paid amount when no ValueIn* field matches the request currency
(skip) MyFatoorahGateway.getPayment > POSTs GetPaymentStatus with the InvoiceId key
(skip) MyFatoorahGateway.getPayment > keeps a pending invoice pending even when the latest transaction failed
(skip) MyFatoorahGateway.getPayment > does not treat a Paid invoice without a success transaction as paid
(skip) MyFatoorahGateway.getPayment > normalizes the KD currency alias to KWD from the success transaction
(skip) MyFatoorahGateway.getPayment > publishes official thousand-separated PaidCurrencyValue as pay amount
(skip) MyFatoorahGateway.getPayment > publishes the pay currency amount when base differs (KWD base, SAR pay)
(skip) MyFatoorahGateway.getPayment > maps a refunded invoice as settled but not paid
(skip) MyFatoorahGateway.getPayment > maps canceled invoices to cancelled / failed outcome
(skip) MyFatoorahGateway.getPayment > rejects non-digit gatewayPaymentId without fetching
(skip) MyFatoorahGateway.getPayment > rejects PaymentId-shaped gatewayPaymentId with the InvoiceId default
(skip) MyFatoorahGateway.getPayment > queries with KeyType PaymentId when requested
(skip) MyFatoorahGateway.refundPayment > posts MakeRefund with ServiceChargeOnCustomer false and ExternalIdentifier
(skip) MyFatoorahGateway.refundPayment > uses the caller amount when provided and under remaining
(skip) MyFatoorahGateway.refundPayment > rejects a caller amount over remaining without MakeRefund
(skip) MyFatoorahGateway.refundPayment > throws for a currency mismatch without MakeRefund
(skip) MyFatoorahGateway.refundPayment > replays a partial refund with same idempotencyKey without posting MakeRefund (MF-CRIT-1)
(skip) MyFatoorahGateway.refundPayment > replays a fully refunded invoice from the nested refund when keyed
(skip) MyFatoorahGateway.refundPayment > throws for a fully refunded invoice with no matching nested refund
(skip) MyFatoorahGateway.refundPayment > does not retry the first MakeRefund POST on 429
(skip) MyFatoorahGateway.refundPayment > does not auto-retry the headerless MakeRefund POST (no 429 fan-out)
(skip) MyFatoorahGateway.refundPayment > returns indeterminate when MakeRefund 2xx is missing RefundId
(skip) MyFatoorahGateway.refundPayment > rejects missing idempotencyKey without fetching
(skip) MyFatoorahGateway.refundPayment > rejects PaymentId-shaped gatewayPaymentId unless myfatoorahKeyType is PaymentId
(skip) MyFatoorahGateway.refundPayment > refunds with KeyType PaymentId when requested
(skip) MyFatoorahGateway.refundPayment > throws on an unparseable refund list even with an explicit amount
(skip) MyFatoorahGateway.refundPayment > throws on a GetRefundStatus 500 instead of returning indeterminate
(skip) MyFatoorahGateway.refundPayment > fails closed on a first refund whose currency is not the account base (MF-CRIT-1)
(skip) MyFatoorahGateway.refundPayment > does not treat GetRefundStatus Data array as empty history
(skip) MyFatoorahGateway.refundPayment > treats GetRefundStatus 2xx official not-found Message as empty history
(skip) MyFatoorahGateway.refundPayment > treats a GetRefundStatus 2xx without Data as empty history (MF-CRIT-3)
(skip) MyFatoorahGateway.refundPayment > infers the account base currency on a first refund without explicit currency
(skip) MyFatoorahGateway.capturePayment / webhooks > capturePayment throws OperationNotSupportedError with the authorization capability
(skip) MyFatoorahGateway.capturePayment / webhooks > parses a payment webhook into a paid event with related paymentId
(skip) MyFatoorahGateway.capturePayment / webhooks > parses a refund webhook into a refunded event with money and invoice identity
(skip) MyFatoorahGateway.capturePayment / webhooks > does not map refund paymentId from Refund.ExternalIdentifier (MF-HIGH-5)
(skip) MyFatoorahGateway.capturePayment / webhooks > normalizes the KD webhook currency alias to KWD (MF-MED-2)
(skip) MyFatoorahGateway MF fixes > MF-CREATE-REPLAY: ARE country with orderId existing → no POST /v3/payments
(skip) MyFatoorahGateway MF fixes > KWT create with orderId does not preflight CustomerReference (header dedupes)
(skip) MyFatoorahGateway MF fixes > MF-CREATE-REPLAY: ARE Pending invoice does not POST a second payment
(skip) MyFatoorahGateway MF fixes > MF-CREATE-REPLAY: ARE Paid invoice with a different amount is not reused
(skip) MyFatoorahGateway MF fixes > MF-CREATE-REPLAY: ARE inquiry 5xx does not POST a second payment
(skip) MyFatoorahGateway MF fixes > MF-CREATE-REPLAY: ARE lookup 400 does not POST a second payment
(skip) MyFatoorahGateway MF fixes > MF-CREATE-REPLAY: ARE country with orderId present but not found → POSTs /v3/payments
(skip) MyFatoorahGateway MF fixes > MF-CREATE-REPLAY: ARE 200 IsSuccess false official not-found Message creates once
(skip) MyFatoorahGateway MF fixes > MF-CREATE-REPLAY: ARE 200 IsSuccess false generic Message fails closed
(skip) MyFatoorahGateway MF fixes > MF-CREATE-REPLAY: ARE success envelope with null Data fails closed
(skip) MyFatoorahGateway MF fixes > MF-CREATE-REPLAY: ARE pending invoice returns indeterminate with InvoiceId
(skip) MyFatoorahGateway MF fixes > MF-CREATE-REPLAY: ARE lookup 429 surfaces RateLimitError (not indeterminate)
(skip) MyFatoorahGateway MF fixes > MF-CREATE-REPLAY: ARE Canceled invoice allows new POST
(skip) MyFatoorahGateway MF fixes > MF-CREATE-REPLAY: ARE Cancelled invoice allows new POST
(skip) MyFatoorahGateway MF fixes > MF-CREATE-REPLAY: ARE Failed invoice allows new POST
(skip) MyFatoorahGateway MF fixes > MF-CREATE-REPLAY: ARE Expired invoice allows new POST
(skip) MyFatoorahGateway MF fixes > unkeyed ARE create does not retry 429 on /v3/payments
(skip) MyFatoorahGateway MF fixes > myfatoorah PaymentCompleted string handling (I7) and isPaidOutcome amount-optional (I8) > accepts string "true" (case-insensitive, trimmed) as paid via PaymentCompleted
(skip) MyFatoorahGateway MF fixes > myfatoorah PaymentCompleted string handling (I7) and isPaidOutcome amount-optional (I8) > PaymentCompleted true with no matching ValueIn* omits amount but still paid (I8)
(skip) MyFatoorahGateway MF fixes > MF-SANDBOX-BASE: ARE sandbox first refund without currency infers KWD and posts MakeRefund
(skip) MyFatoorahGateway MF fixes > MF-SANDBOX-BASE: ARE sandbox rejects an AED refund amount (base is KWD)
(skip) MyFatoorahGateway MF fixes > MF-SANDBOX-BASE: ARE live rejects a KWD refund amount (base is AED)
(skip) MyFatoorahGateway MF fixes > MF-GETPAYMENT-BASE-MIX: InvoiceValue 64.772 base with SAR transaction → publishes KWD or omits, never 64.772 SAR
(skip) MyFatoorahGateway MF fixes > MF-CREATE-AMOUNT-FALLBACK: bare Value fallback not used as request currency
(skip) MyFatoorahGateway MF fixes > MF-PAYMENTCOMPLETED-REDIRECT: PaymentCompleted true without nested statuses → paid, not requires_action
(skip) MyFatoorahGateway MF fixes > lower: picks last success transaction not first
(skip) MyFatoorahGateway MF fixes > lower: existingRefund found doesn't await paymentStatus (survives 500)

packages/gateway-myfatoorah/src/http.test.ts:
(skip) myfatoorah HTTP mapping > wraps array Data as RefundStatusResult so refund history is not dropped
(skip) myfatoorah HTTP mapping > treats IsSuccess true as success (boolean and string forms)
(skip) myfatoorah HTTP mapping > classifies official inquiry not-found envelopes without treating every IsSuccess false as empty
(skip) myfatoorah HTTP mapping > maps inquiry 2xx IsSuccess false + official not-found Message to ResourceNotFoundError
(skip) myfatoorah HTTP mapping > includes envelope Message on 2xx IsSuccess false that is not a not-found
(skip) myfatoorah HTTP mapping > does not retry RateLimitError before submit (unkeyed mutations)
(skip) myfatoorah HTTP mapping > maps 2xx IsSuccess false + ValidationErrors to InvalidRequestError
(skip) myfatoorah HTTP mapping > maps POST 500 to NetworkError with afterProviderSubmit
(skip) myfatoorah HTTP mapping > maps POST 500 without postSubmit flag to NetworkError without afterProviderSubmit (safe default)
(skip) myfatoorah HTTP mapping > maps GET 500 to NetworkError without afterProviderSubmit
(skip) myfatoorah HTTP mapping > maps inquiry POST 500 to NetworkError without afterProviderSubmit
(skip) myfatoorah HTTP mapping > maps mutating POST 500 to NetworkError with afterProviderSubmit when flagged
(skip) myfatoorah HTTP mapping > rejects inquiry POST unusable 2xx bodies without afterProviderSubmit
(skip) myfatoorah HTTP mapping > maps 401 / 403 to AuthenticationError
(skip) myfatoorah HTTP mapping > maps 404 to ResourceNotFoundError
(skip) myfatoorah HTTP mapping > maps 429 to RateLimitError
(skip) myfatoorah HTTP mapping > maps IsSuccess false with ValidationErrors on non-2xx to InvalidRequestError
(skip) myfatoorah HTTP mapping > maps unknown client failures to InvalidRequestError when IsSuccess false on 4xx
(skip) myfatoorah HTTP mapping > maps unknown client failures to GatewayApiError when IsSuccess true
(skip) myfatoorah HTTP mapping > rejects unusable 2xx bodies as NetworkError

packages/gateway-myfatoorah/src/money.test.ts:
(pass) myfatoorah money > ISO-pads major decimal strings [0.46ms]
(pass) myfatoorah money > rejects excess precision [0.29ms]
(pass) myfatoorah money > parses provider amounts [0.22ms]
(pass) myfatoorah money > parses official GetPaymentStatus thousand-separated amount strings [0.41ms]
(pass) myfatoorah money > converts to major number with reject rounding [0.20ms]
(pass) myfatoorah money > serializes nested Order.Amount as an ISO-padded number token [0.48ms]
(pass) myfatoorah money > serializes top-level Amount (MakeRefund) with the explicit currency [0.12ms]
(pass) myfatoorah money > leaves bodies without numeric amounts unchanged [0.06ms]

packages/gateway-myfatoorah/src/public-api.test.ts:
(skip) public API runtime surface > re-exports documented runtime symbols

packages/gateway-myfatoorah/src/refund-support.test.ts:
(skip) myfatoorah refund support > computes remaining from InvoiceValue minus non-canceled refunds
(skip) myfatoorah refund support > ignores canceled refunds in the sum
(skip) myfatoorah refund support > ignores FAILED, REJECTED and unknown statuses in remaining
(skip) myfatoorah refund support > counts only REFUNDED and PENDING, pending aliases included
(skip) myfatoorah refund support > parses thousand-separated amounts via comma stripping for remaining
(skip) myfatoorah refund support > returns 0 when fully refunded
(skip) myfatoorah refund support > throws when remaining is negative
(skip) myfatoorah refund support > throws when the invoice amount or refund list is unparseable
(skip) myfatoorah refund support > matches a nested refund by ExternalIdentifier
(skip) myfatoorah refund support > maps a single nested refund without an ExternalIdentifier
(skip) myfatoorah refund support > does not map a single nested refund with a different key
(skip) myfatoorah refund support > does not map multiple unmatched refunds
(skip) myfatoorah refund support > returns undefined for empty / missing lists

packages/gateway-myfatoorah/src/sources.test.ts:
(skip) myfatoorah sources / PCI fence > accepts documented uppercase PaymentMethod values
(skip) myfatoorah sources / PCI fence > rejects legacy regional methods as PaymentMethod (use DisplayPaymentMethods)
(skip) myfatoorah sources / PCI fence > rejects lowercase and PAN-shaped PaymentMethod values
(skip) myfatoorah sources / PCI fence > rejects bad DisplayPaymentMethods tokens
(skip) myfatoorah sources / PCI fence > rejects SourceOfFund.Card blobs
(skip) myfatoorah sources / PCI fence > rejects myfatoorahCard / source.card blobs
(skip) myfatoorah sources / PCI fence > rejects Card.Number / SecurityCode blobs
(skip) myfatoorah sources / PCI fence > allows SourceOfFund SessionId / Token (never raw cards)

packages/gateway-myfatoorah/src/status.test.ts:
(pass) myfatoorah status mapping > maps invoice statuses (case-insensitive) [0.08ms]
(pass) myfatoorah status mapping > maps transaction evidence including the official Succss typo [0.11ms]
(pass) myfatoorah status mapping > maps refund entity statuses [0.05ms]
(pass) myfatoorah status mapping > maps refund entity status to payment-domain status [0.05ms]
(pass) myfatoorah status mapping > maps invoice outcomes [0.06ms]
(pass) myfatoorah status mapping > derives webhook payment status fail-closed [0.12ms]
(pass) myfatoorah status mapping > infers stable types [0.09ms]

packages/gateway-myfatoorah/src/webhooks.test.ts:
(pass) myfatoorah webhook signatures > locks the official payment canonical string [0.04ms]
(pass) myfatoorah webhook signatures > locks the official refund canonical string [0.13ms]
(pass) myfatoorah webhook signatures > null canonical fields become empty strings [0.05ms]
(pass) myfatoorah webhook signatures > verifies a valid signature [1.46ms]
(pass) myfatoorah webhook signatures > rejects a tampered payload [0.49ms]
(pass) myfatoorah webhook signatures > fails closed without a secret or header [0.30ms]
(pass) myfatoorah webhook signatures > rejects invalid Base64 and unknown events [0.34ms]
(pass) myfatoorah webhook signatures > unsupported webhook codes 3-7 (BALANCE_TRANSFERRED etc) verify false but parse throws unsupported [1.65ms]
(pass) myfatoorah webhook signatures > extracts the signature header case-insensitively [0.09ms]
(pass) myfatoorah webhook signatures > verifies the refund event shape [0.28ms]
(pass) myfatoorah webhook signatures > verifies raw JSON string payloads and fails closed on bad JSON [1.09ms]
(pass) myfatoorah webhook signatures > canonical helpers parse raw JSON string (payment/refund) [0.11ms]
(pass) myfatoorah customer reference > prefers explicit myfatoorahCustomer.reference over orderId [0.12ms]
(pass) myfatoorah customer reference > falls back to trimmed orderId [0.05ms]
(pass) myfatoorah customer reference > returns undefined for missing or blank inputs [0.08ms]
(pass) myfatoorah webhook amount mapping (base drift + aliases) > prefers ValueInBaseCurrency over display/pay (base drift) [0.51ms]
(pass) myfatoorah webhook amount mapping (base drift + aliases) > aliases KD → KWD and SR → SAR in webhook amounts [1.42ms]
(pass) myfatoorah webhook amount mapping (base drift + aliases) > falls back to display when base missing, and does not use top-level Amount as pay [1.12ms]
(pass) myfatoorah webhook amount mapping (base drift + aliases) > handles comma thousand-separated amounts in webhook Amount [0.48ms]
(pass) myfatoorah webhook amount mapping (base drift + aliases) > PAID webhook is paid regardless of Transaction FAILED (KNET duplicate) [0.46ms]

packages/gateway-tap/src/conformance.test.ts:
(pass) Tap gateway conformance (applicable) > passes structural + offline webhook fixture cases [7.33ms]

packages/gateway-tap/src/factory.test.ts:
(skip) tapGateway > rejects empty secretKey
(pass) tapGateway > rejects non-HTTPS webhookUrl http://merchant.example/post [0.20ms]
(pass) tapGateway > rejects non-HTTPS webhookUrl not-a-url [0.10ms]
(skip) tapGateway > accepts HTTPS webhookUrl
(skip) tapGateway > trims secretKey
(skip) tapGateway > rejects non-positive timeoutMs on TapGateway as well as the factory
(skip) tapGateway > rejects non-positive timeoutMs
(skip) tapGateway > rejects autoVoidHours outside 1..168
(skip) tapGateway > accepts autoVoidHours 1 and 168
(skip) tapGateway > closes over secrets and keeps them off the manifest
(skip) tapGateway > composes with createPaymentClient without core factory edits

packages/gateway-tap/src/factory.types.test.ts:

packages/gateway-tap/src/gateway.test.ts:
(skip) TapGateway.createPayment > posts a charge with ISO major amount, customer, src_all, and idempotent reference
(skip) TapGateway.createPayment > maps INITIATED + transaction.url to requires_action
(skip) TapGateway.createPayment > does not treat merchant redirect.url as checkout redirect on CAPTURED charges
(skip) TapGateway.createPayment > does not treat leftover transaction.url as nextAction on CAPTURED charges
(skip) TapGateway.createPayment > does not treat merchant redirect.url as checkout redirect on AUTHORIZED authorize
(skip) TapGateway.createPayment > posts /authorize when capture is false
(skip) TapGateway.createPayment > sends auto VOID hours on authorize when autoVoidHours is set
(skip) TapGateway.createPayment > rejects autoVoidHours on authorize when source is omitted (src_card)
(skip) TapGateway.createPayment > does not send auto on charges even when autoVoidHours is set
(skip) TapGateway.createPayment > rejects auth_ tapSource on createPayment and does not fetch
(skip) TapGateway.createPayment > rejects zero create amounts before fetch
(skip) TapGateway.createPayment > maps DECLINED to declined outcome
(pass) TapGateway.createPayment > maps FAILED + response.code 505 to declined with decline extras [6.37ms]
(pass) TapGateway.createPayment > maps FAILED + response.code %s to declined with decline extras [0.60ms]
(skip) TapGateway.createPayment > maps FAILED without a 501–516 response.code as failed with no decline extras
(pass) TapGateway.createPayment > rejects inline customer with blank lastName [1.03ms]
(pass) TapGateway.createPayment > rejects inline customer with blank firstName [0.29ms]
(pass) TapGateway.createPayment > rejects inline customer with blank email [0.23ms]
(skip) TapGateway.createPayment > trims createPayment idempotencyKey on reference.idempotent
(skip) TapGateway.createPayment > requires customer and callbackUrl
(skip) TapGateway.createPayment > requires idempotencyKey when the caller omits one
(skip) TapGateway mutations > requires idempotencyKey on capture / void / refund
(skip) TapGateway mutations > captures an authorize via POST /charges with source.id = auth id
(skip) TapGateway mutations > maps a partial capture as partially_captured not paid
(skip) TapGateway mutations > rejects capture when the amount exceeds the authorized amount
(skip) TapGateway mutations > prefers tapRedirectUrl over authorize.redirect.url on capture
(skip) TapGateway mutations > rejects capture when authorize has no redirect.url and tapRedirectUrl is omitted
(pass) TapGateway mutations > rejects capture when tapThreeDSecure is false [1.85ms]
(pass) TapGateway mutations > rejects capture when tapCustomerInitiated is false [0.37ms]
(skip) TapGateway mutations > rejects capture when the authorize status is VOID
(skip) TapGateway mutations > maps GET CAPTURED authorize as paid without POST /charges
(skip) TapGateway mutations > GETs the nested charge when CAPTURED authorize includes charge_id
(skip) TapGateway mutations > rejects capture when caller currency does not match authorize currency
(skip) TapGateway mutations > rejects capture when the authorize status is INITIATED
(skip) TapGateway mutations > rejects capture when the authorize object omits status
(skip) TapGateway mutations > voids an authorize
(skip) TapGateway mutations > returns an already-VOID authorize without posting void
(skip) TapGateway mutations > rejects void when the authorize status is INITIATED
(skip) TapGateway mutations > posts remaining amount when refund amount is omitted
(skip) TapGateway mutations > rejects refund when the charge status is already REFUNDED
(skip) TapGateway mutations > rejects a caller amount refund when the charge is already REFUNDED
(skip) TapGateway mutations > maps an embedded refund on an already-REFUNDED charge without posting
(skip) TapGateway mutations > maps the nested refund whose reference.idempotent matches
(skip) TapGateway mutations > rejects unmatched nested refunds on an already-REFUNDED charge without posting
(skip) TapGateway mutations > GETs a nested refund id on an already-REFUNDED charge
(skip) TapGateway mutations > throws when omitted refund amount and remaining is 0 without posting
(skip) TapGateway mutations > throws when remaining is 0 even if the caller passes amount
(skip) TapGateway mutations > maps a nested refund when remaining is 0 without posting
(skip) TapGateway mutations > rejects omitted refund amount when remaining is not exposed
(skip) TapGateway mutations > rejects http tapPostUrl before fetch
(skip) TapGateway mutations > rejects omitted refund amount when refunds list has no parseable amounts
(skip) TapGateway mutations > rejects refund when caller currency does not match charge currency
(skip) TapGateway mutations > refunds a charge
(skip) TapGateway mutations > sends a free-text refund reason instead of requested_by_customer
(skip) TapGateway mutations > maps known refund reasons case-insensitively with spaces to underscore
(skip) TapGateway mutations > rejects refund reasons longer than 249 characters
(skip) TapGateway mutations > does not retry void after a mutating 5xx
(skip) TapGateway mutations > rejects capture of a charge id and refund of an authorize id
(skip) TapGateway.getPayment and errors > dispatches chg_ vs auth_ and rejects unknown prefixes
(skip) TapGateway.getPayment and errors > maps getPayment of a REFUNDED charge to refunded, not failed
(skip) TapGateway.getPayment and errors > GETs the nested charge on getPayment of CAPTURED authorize with charge_id
(skip) TapGateway.getPayment and errors > maps getPayment of CAPTURED authorize without charge_id as paid
(skip) TapGateway.getPayment and errors > maps getPayment of a VOID authorize to succeeded cancelled
(skip) TapGateway.getPayment and errors > maps getPayment of a VOID charge to failed cancelled
(skip) TapGateway.getPayment and errors > maps ABANDONED createPayment and getPayment to failed
(skip) TapGateway.getPayment and errors > does not retry a mutating POST aborted by the caller
(skip) TapGateway.getPayment and errors > maps post-submit 5xx on create to indeterminate
(skip) TapGateway.getPayment and errors > maps empty mutating 2xx to indeterminate, not InvalidRequestError
(skip) TapGateway.getPayment and errors > maps mutating HTML 5xx to indeterminate after retries
(skip) TapGateway.getPayment and errors > GET empty 2xx is a thrown NetworkError, not afterProviderSubmit
(skip) TapGateway.getPayment and errors > maps mutating 2xx charge without status to indeterminate
(skip) TapGateway.getPayment and errors > maps mutating 2xx refund without status to indeterminate
(skip) TapGateway.getPayment and errors > GET charge without status throws InvalidRequestError without retry
(skip) TapGateway.getPayment and errors > maps 401 to AuthenticationError via getPayment (GET throws)
(skip) TapGateway webhooks > verifies hashstring and dual-writes a paid event
(skip) TapGateway webhooks > parses 13-digit created values as milliseconds
(skip) TapGateway webhooks > rejects webhook payloads without a created timestamp
(skip) TapGateway webhooks > does not treat charge source.id auth_ as gatewayPaymentId
(skip) TapGateway webhooks > parses authorize and refund webhooks
(skip) TapGateway webhooks > maps a charge object with status REFUNDED to refunded, not failed
(skip) TapGateway webhooks > rejects invoice objects missing created timestamp
(skip) TapGateway webhooks > rejects invoice objects missing id
(skip) TapGateway webhooks > parses invoice webhook objects as cancelled, not paid
(skip) TapGateway webhooks > attaches charge_id on CAPTURED authorize webhook relatedIds
(skip) TapGateway webhooks > does not treat metadata.udf1 as paymentId
(skip) TapGateway webhooks > prefers metadata.paymentId over orderId and reference.order

packages/gateway-tap/src/http.test.ts:
(pass) assertTapSuccessBody > tags mutating 2xx empty as afterProviderSubmit [0.25ms]
(pass) assertTapSuccessBody > tags mutating 2xx non-JSON as afterProviderSubmit [0.02ms]
(pass) assertTapSuccessBody > tags mutating 2xx null JSON as afterProviderSubmit [0.02ms]
(pass) assertTapSuccessBody > tags mutating 2xx array JSON as afterProviderSubmit [0.01ms]
(pass) assertTapSuccessBody > tags mutating 2xx object without id as afterProviderSubmit [0.01ms]
(skip) assertTapSuccessBody > GET empty 2xx is NetworkError without afterProviderSubmit
(skip) assertTapSuccessBody > accepts a mutating 2xx object with id and status
(skip) assertTapSuccessBody > throws NetworkError afterProviderSubmit when mutating 2xx status is whitespace
(skip) assertTapSuccessBody > throws NetworkError afterProviderSubmit when mutating 2xx has id but missing status
(skip) assertTapSuccessBody > throws NetworkError afterProviderSubmit when mutating 2xx status is not a string
(skip) mapTapHttpFailure > tags mutating 5xx NetworkError even when the body is not JSON
(skip) mapTapHttpFailure > does not tag GET 5xx as afterProviderSubmit
(skip) mapTapHttpFailure > maps POST 500 code 1106 to NetworkError afterProviderSubmit not InvalidRequestError
(skip) mapTapHttpFailure > maps GET 500 code 1106 to NetworkError without afterProviderSubmit
(skip) mapTapHttpFailure > treats POST 400 code 1151 as NetworkError afterProviderSubmit
(skip) mapTapHttpFailure > treats GET 400 code 1151 as NetworkError without afterProviderSubmit
(skip) mapTapHttpFailure > does not map POST 400 errors code 504 to CardDeclinedError
(skip) mapTapHttpFailure > does not map POST 400 errors code 501 to CardDeclinedError
(skip) mapTapHttpFailure > maps POST 400 code 1106 to InvalidRequestError not ResourceNotFoundError
(skip) mapTapHttpFailure > maps GET 400 code 1106 to InvalidRequestError not ResourceNotFoundError
(skip) mapTapHttpFailure > maps POST 400 code 1114 to InvalidRequestError
(skip) mapTapHttpFailure > maps POST 400 code 1126 to InvalidRequestError
(skip) mapTapHttpFailure > maps POST 400 code 1149 to InvalidRequestError
(skip) mapTapHttpFailure > maps POST 400 code 1101 to AuthenticationError not InvalidRequestError
(pass) mapTapHttpFailure > maps POST 400 code 1102 to InvalidRequestError [0.46ms]
(pass) mapTapHttpFailure > maps POST 400 code 1103 to InvalidRequestError [0.03ms]
(pass) mapTapHttpFailure > maps POST 400 code 1104 to InvalidRequestError [0.01ms]
(pass) mapTapHttpFailure > maps POST 400 code 1105 to InvalidRequestError [0.01ms]
(pass) mapTapHttpFailure > maps POST 400 code 1107 to InvalidRequestError [0.02ms]
(pass) mapTapHttpFailure > maps POST 400 code 1108 to InvalidRequestError [0.01ms]
(pass) mapTapHttpFailure > maps POST 400 code 1112 to InvalidRequestError [0.01ms]
(pass) mapTapHttpFailure > maps POST 400 code 1113 to InvalidRequestError [0.01ms]
(pass) mapTapHttpFailure > maps POST 400 code 1132 to InvalidRequestError [0.01ms]
(pass) mapTapHttpFailure > maps POST 400 code 1152 to InvalidRequestError [0.01ms]
(pass) mapTapHttpFailure > maps POST 400 code 1153 to InvalidRequestError [0.01ms]
(pass) mapTapHttpFailure > maps POST 400 code 1156 to InvalidRequestError [0.01ms]
(pass) mapTapHttpFailure > maps POST 400 code 1157 to InvalidRequestError [0.01ms]
(pass) mapTapHttpFailure > maps POST 400 code 1164 to InvalidRequestError [0.01ms]
(pass) mapTapHttpFailure > maps POST 400 code 2100 to InvalidRequestError [0.03ms]
(pass) mapTapHttpFailure > maps POST 400 code 2103 to InvalidRequestError [0.01ms]
(pass) mapTapHttpFailure > maps POST 400 code 2108 to InvalidRequestError [0.01ms]
(pass) mapTapHttpFailure > maps POST 400 code 4101 to InvalidRequestError [0.02ms]
(pass) mapTapHttpFailure > maps POST 400 code 9998 to InvalidRequestError [0.02ms]
(skip) mapTapHttpFailure > passes raw {status,body,code} on AMOUNT_CODES InvalidRequestError
(pass) mapTapHttpFailure > maps POST 400 code 1144 to ResourceNotFoundError [0.16ms]
(pass) mapTapHttpFailure > maps POST 400 code 1115 to ResourceNotFoundError [0.02ms]
(pass) mapTapHttpFailure > maps POST 400 code 1160 to ResourceNotFoundError
(pass) mapTapHttpFailure > maps POST 400 code 2102 to ResourceNotFoundError

packages/gateway-tap/src/money.test.ts:
(pass) formatTapIsoAmount > pads SAR to two fractional digits [0.12ms]
(pass) formatTapIsoAmount > pads KWD to three fractional digits [0.05ms]
(pass) formatTapIsoAmount > rejects excess precision [0.10ms]
(pass) tapMajorNumber > returns a finite major number after Money round-trip [0.09ms]
(pass) stringifyTapJsonBody > emits an ISO-padded JSON number token, not a string [0.13ms]
(pass) stringifyTapJsonBody > pads KWD to three fractional digits on the wire [0.10ms]
(pass) stringifyTapJsonBody > stringifies unchanged when amount or currency is missing [0.05ms]
(pass) stringifyTapJsonBody > does not replace a placeholder that appears in another string field [0.11ms]
(pass) parseTapAmount > parses JSON numbers through Money [0.07ms]
(pass) parseTapAmount > rejects non-numeric amounts [0.06ms]

packages/gateway-tap/src/public-api.test.ts:
(skip) public API runtime surface > re-exports documented runtime symbols

packages/gateway-tap/src/refund-support.test.ts:
(pass) tapRemainingRefundMajor > uses remaining when exposed [0.37ms]
(pass) tapRemainingRefundMajor > uses refundable when exposed [0.06ms]
(pass) tapRemainingRefundMajor > uses amount_refunded when exposed [0.21ms]
(pass) tapRemainingRefundMajor > uses refunds list sum when exposed [0.26ms]
(pass) tapRemainingRefundMajor > uses full amount_refunded when exposed [0.05ms]
(skip) tapRemainingRefundMajor > throws when remaining is negative
(skip) tapRemainingRefundMajor > throws when a refunds list mixes parseable and opaque amounts
(skip) tapRemainingRefundMajor > throws when the charge does not expose remaining or refunded
(skip) nestedRefundFromCharge > returns the refund whose reference.idempotent matches
(skip) nestedRefundFromCharge > returns undefined when multiple nested refunds do not match the key
(skip) nestedRefundFromCharge > returns undefined when the only nested refund has a different idempotent key
(skip) nestedRefundFromCharge > returns the only nested refund when Tap omitted the idempotent field

packages/gateway-tap/src/sources.test.ts:
(skip) Tap sources > defaults to src_all
(skip) Tap sources > allows tokens, hosted lists, local methods, and authorize ids
(skip) Tap sources > rejects PAN-shaped ids and PCI source.card

packages/gateway-tap/src/status.test.ts:
(pass) mapTapChargeStatus > maps captured / authorized / initiated / declined [0.09ms]
(pass) mapTapChargeStatus > maps IN_PROGRESS underscore form to pending [0.02ms]
(pass) mapTapChargeStatus > maps CANCELED (one L) to cancelled like CANCELLED [0.04ms]
(pass) inferTapStableType > maps a refunded charge to refund.completed, not payment.failed [0.03ms]
(pass) mapTapChargeOutcome > treats INITIATED and IN PROGRESS as requires_action [0.07ms]
(pass) mapTapChargeOutcome > treats CAPTURED and AUTHORIZED as succeeded and DECLINED as declined [0.06ms]
(pass) mapTapChargeOutcome > does not treat UNKNOWN as paid [0.02ms]
(pass) mapTapChargeOutcome > maps FAILED + response code %s to declined even when paymentStatus is failed [0.03ms]
(pass) mapTapChargeOutcome > maps FAILED + response code 505 to declined even when paymentStatus is failed
(pass) mapTapChargeOutcome > maps FAILED + response codes 501 and 516 to declined [0.04ms]
(pass) mapTapChargeOutcome > maps FAILED without a 501–516 response code as failed [0.04ms]
(pass) isTapDeclineStatus > is true for DECLINED without a response code [0.02ms]
(pass) isTapDeclineStatus > is true for FAILED with decline response code 505 [0.04ms]
(pass) isTapDeclineStatus > is false for FAILED without a 501–516 response code [0.04ms]
(pass) isTapDeclineStatus > is false for CAPTURED with success response code 000 [0.03ms]
(pass) mapTapRefundEntityStatus > maps refund object statuses [0.15ms]
(pass) mapTapRefundEntityStatus > maps ACCEPTED as pending, not completed or failed [0.04ms]
(pass) mapTapRefundEntityStatus > maps refund IN_PROGRESS underscore form to pending [0.03ms]

packages/gateway-tap/src/webhooks.test.ts:
(pass) Tap hashstring > pads amount to ISO scale in the canonical string [0.12ms]
(pass) Tap hashstring > accepts a valid HMAC and rejects tampering / missing header [1.02ms]
(pass) Tap hashstring > fails closed when created is missing [0.14ms]
(pass) Tap hashstring > fails closed when the payload cannot be hashed [0.16ms]
(pass) Tap hashstring > verifies Tap’s published Create-a-Charge hashstring (ISO amount pad is load-bearing) [1.12ms]
(pass) Tap hashstring > reads hashstring from headers case-insensitively [0.09ms]
(pass) Tap hashstring > hashes invoices with x_updated and not x_gateway_reference [1.40ms]
(pass) Tap hashstring > accepts numeric invoice updated [0.77ms]
(pass) Tap hashstring > fails closed when invoice empty updated [0.21ms]
(pass) Tap hashstring > fails closed when invoice omitted updated [0.09ms]
(pass) Tap hashstring > does not verify a missing object payload [0.11ms]
(pass) Tap hashstring > does not verify a customer object payload [0.02ms]

packages/core/src/gateways/base.gateway.test.ts:
(skip) BaseGateway CORE-7 post-submit identity > post-submit timeout create uses orderId when present
(skip) BaseGateway CORE-7 post-submit identity > post-submit timeout create prefers orderId over idempotencyKey
(skip) BaseGateway CORE-7 post-submit identity > post-submit timeout create uses idempotencyKey when no order/payment id exists
(skip) BaseGateway CORE-7 post-submit identity > post-submit timeout OTP uses transactionUrl
(skip) BaseGateway CORE-7 post-submit identity > post-submit timeout create without identity stays unknown
(skip) BaseGateway CORE-7 post-submit identity > post-submit timeout capture uses gatewayPaymentId
(skip) BaseGateway CORE-7 post-submit identity > post-submit timeout void uses gatewayPaymentId
(skip) BaseGateway CORE-7 post-submit identity > refund post-submit timeout is indeterminate with gatewayRefundId
(skip) BaseGateway CORE-7 post-submit identity > pre-submit network error is not forged as indeterminate
(skip) BaseGateway CORE-7 post-submit identity > S19-CKO-TIMEOUT: createCheckoutSession POST timeout is checkout-shaped indeterminate, not a retryable failed-create
(skip) BaseGateway CORE-7 post-submit identity > S19-CKO-TIMEOUT: getCheckoutSession stays throwing on afterProviderSubmit NetworkError
(skip) BaseGateway CORE-7 post-submit identity > P22-IND-LOOKUP: createCustomer POST timeout is customer-shaped indeterminate with lookup identity
(skip) BaseGateway CORE-7 post-submit identity > P22-IND-LOOKUP: createCustomer timeout without identity stays unknown
(skip) BaseGateway CORE-7 post-submit identity > P22-IND-LOOKUP: attachPaymentMethod timeout uses providerObjectIdFromParams lookup
(skip) BaseGateway CORE-7 post-submit identity > P22-IND-LOOKUP: detachPaymentMethod timeout snapshots paymentMethod lookup id
(skip) BaseGateway CORE-7 post-submit identity > P22R3-DETACH-IND: detach timeout omits request customerId
(skip) BaseGateway CORE-7 post-submit identity > P22-IND-LOOKUP: submitDisputeEvidence timeout is dispute-shaped unknown, not open/won
(skip) BaseGateway CORE-7 post-submit identity > P22-IND-LOOKUP: getDispute stays throwing on afterProviderSubmit NetworkError
(skip) BaseGateway CORE-7 post-submit identity > P22-IND-LOOKUP: createPaymentLink timeout uses idempotencyKey lookup and does not invent active
(skip) BaseGateway CORE-7 post-submit identity > P22-IND-LOOKUP: deactivatePaymentLink timeout uses paymentLinkId lookup
(skip) BaseGateway CORE-7 post-submit identity > P22-IND-LOOKUP: getCustomer stays throwing on afterProviderSubmit NetworkError
(skip) BaseGateway CORE-7 post-submit identity > P22-IND-LOOKUP: before-hooks cannot inject raw card material past executeWithHooks
(skip) BaseGateway CORE-7 post-submit identity > P22R3-IND-UNKNOWN-CUS: applyIndeterminatePaymentMethodOutcome omits missing/empty customerId
(skip) BaseGateway CORE-7 post-submit identity > P22R3-PCI-HOOK-ORDER: inbound PAN is rejected before before-hooks run
(skip) BaseGateway CORE-7 post-submit identity > P22-PCI: before-hooks cannot inject metadata PAN on createPayment

packages/core/src/gateways/capabilities-docs.test.ts:
(skip) generateGatewayCapabilitiesMarkdown > includes partialRefunds and each built-in provider name
(skip) generateGatewayCapabilitiesMarkdown > renders a row for every capability key and ✓ for claimed cells
(skip) generateGatewayCapabilitiesMarkdown > marks missing capabilities as unsupported (all ✗)
(skip) generateGatewayCapabilitiesMarkdown > handles empty manifest list
(skip) generateGatewayCapabilitiesMarkdown > does not embed credential values or secret material
(skip) checked-in gateway-capabilities.md drift > matches generateGatewayCapabilitiesMarkdown(BUILTIN_GATEWAY_MANIFESTS)

packages/core/src/gateways/capability-claims.test.ts:
(skip) capability claim validation (Phase 3.4) > built-in factories > stripe > create() gateway supports/capabilities match manifest and constants
(skip) capability claim validation (Phase 3.4) > built-in factories > stripe > claimed capabilities imply required method presence
(skip) capability claim validation (Phase 3.4) > built-in factories > moyasar > create() gateway supports/capabilities match manifest and constants
(skip) capability claim validation (Phase 3.4) > built-in factories > moyasar > claimed capabilities imply required method presence
(skip) capability claim validation (Phase 3.4) > built-in factories > paypal > create() gateway supports/capabilities match manifest and constants
(skip) capability claim validation (Phase 3.4) > built-in factories > paypal > claimed capabilities imply required method presence
(skip) capability claim validation (Phase 3.4) > built-in factories > paymob > create() gateway supports/capabilities match manifest and constants
(skip) capability claim validation (Phase 3.4) > built-in factories > paymob > claimed capabilities imply required method presence
(skip) capability claim validation (Phase 3.4) > built-in factories > only Stripe claims hostedCheckout; only Moyasar claims marketplaceSplits
(skip) capability claim validation (Phase 3.4) > built-in factories > only Stripe claims disputes and paymentLinks; all deny providerRecurring
(skip) capability claim validation (Phase 3.4) > built-in factories > BUILTIN_GATEWAY_MANIFESTS names match factory adapters
(skip) capability claim validation (Phase 3.4) > built-in factories > BUILTIN_ADAPTER_VERSION matches packages/core/package.json version (P05-VER-1)
(skip) capability claim validation (Phase 3.4) > built-in factories > PayPal keeps partialCapture true; order captures reject amount (P05-PAYPAL-1)
(skip) capability claim validation (Phase 3.4) > custom adapter with all-false capabilities > supports never true for any GatewayCapabilityKey
(skip) capability claim validation (Phase 3.4) > snapshot immutability > gateway.capabilities is frozen and complete

packages/core/src/gateways/factories.test.ts:
(skip) built-in gateway adapter factories > stripeGateway > exposes name/manifest and create() returns StripeGateway
(skip) built-in gateway adapter factories > stripeGateway > rejects empty secretKey at factory call time
(skip) built-in gateway adapter factories > moyasarGateway > exposes name/manifest and create() returns MoyasarGateway
(skip) built-in gateway adapter factories > moyasarGateway > rejects empty secretKey at factory call time
(skip) built-in gateway adapter factories > paypalGateway > exposes name/manifest and create() returns PayPalGateway
(skip) built-in gateway adapter factories > paypalGateway > rejects missing client credentials at factory call time
(skip) built-in gateway adapter factories > paymobGateway > exposes name/manifest and create() returns PaymobGateway (secretKey)
(skip) built-in gateway adapter factories > paymobGateway > accepts legacy apiKey only
(skip) built-in gateway adapter factories > paymobGateway > rejects when neither secretKey nor apiKey is non-empty
(skip) built-in gateway adapter factories > manifest does not include credential fields
(skip) built-in gateway adapter factories > manifest.capabilities matches gateway.capabilities > stripe: factory manifest equals create().capabilities for all keys
(skip) built-in gateway adapter factories > manifest.capabilities matches gateway.capabilities > moyasar: factory manifest equals create().capabilities for all keys
(skip) built-in gateway adapter factories > manifest.capabilities matches gateway.capabilities > paypal: factory manifest equals create().capabilities for all keys
(skip) built-in gateway adapter factories > manifest.capabilities matches gateway.capabilities > paymob: factory manifest equals create().capabilities for all keys

packages/core/src/gateways/gateway-capabilities.test.ts:
(skip) gateway capabilities foundation > GATEWAY_CAPABILITY_KEYS > includes the stable Phase 3 key set
(skip) gateway capabilities foundation > defineGatewayCapabilities > merges partial claims; unspecified keys are false
(skip) gateway capabilities foundation > defineGatewayCapabilities > returns all-false for empty partial
(skip) gateway capabilities foundation > defineGatewayCapabilities > coerces non-true values to false
(skip) gateway capabilities foundation > isGatewayCapabilityKey > returns true for known keys
(skip) gateway capabilities foundation > isGatewayCapabilityKey > returns false for unknown strings
(skip) gateway capabilities foundation > freezeCapabilities > returns a frozen snapshot
(skip) gateway capabilities foundation > freezeCapabilities > does not mutate the input object
(skip) gateway capabilities foundation > CAPABILITY_OPERATION_MAP > maps every client-gated capability to a method name; remaining extension keys stay unmapped
(skip) gateway capabilities foundation > CAPABILITY_OPERATION_MAP > requiredCapabilitiesForOperation encodes create/refund/void/capture gates
(skip) gateway capabilities foundation > BaseGateway supports + capabilities > defaults to all-false when no claims are passed
(skip) gateway capabilities foundation > BaseGateway supports + capabilities > returns expected supports() values for explicit claims
(skip) gateway capabilities foundation > BaseGateway supports + capabilities > assertCapability throws OperationNotSupportedError with metadata
(skip) gateway capabilities foundation > BaseGateway supports + capabilities > assertCapability is a no-op when capability is claimed
(skip) gateway capabilities foundation > OperationNotSupportedError capability metadata > two-arg form remains backward compatible
(skip) gateway capabilities foundation > OperationNotSupportedError capability metadata > carries capability metadata when provided
(skip) gateway capabilities foundation > OperationNotSupportedError capability metadata > accepts a custom message override

packages/core/src/gateways/gateway-registry.test.ts:
(skip) createGatewayRegistry > registers two adapters, builds, and reports matching names
(skip) createGatewayRegistry > throws InvalidRequestError on duplicate register
(skip) createGatewayRegistry > replace overwrites in place and preserves registration order
(skip) createGatewayRegistry > replace inserts when name was not previously registered
(skip) createGatewayRegistry > built registry is frozen; second build is independent
(skip) createGatewayRegistry > freezes manifests (mutation is a no-op or throws in strict mode)
(skip) createGatewayRegistry > createAll materializes instances once per name via context
(skip) createGatewayRegistry > createAll wraps hand-built telemetry so secrets do not reach the sink
(skip) createGatewayRegistry > rejects adapter when manifest.name does not match adapter.name
(skip) createGatewayRegistry > rejects empty or whitespace-only adapter names
(skip) createGatewayRegistry > snapshots adapter at register so later mutation does not affect build
(skip) createGatewayRegistry > createAll throws when instance name mismatches adapter name
(skip) createGatewayRegistry > registerDynamic accepts a loosely typed adapter and rejects duplicates
(skip) createDynamicGatewayRegistry > accepts string-keyed adapters and builds a usable registry
(skip) createDynamicGatewayRegistry > still rejects duplicate register
(skip) createDynamicGatewayRegistry > registerDynamic on dynamic builder works end-to-end
(skip) createDefaultGatewayContext > provides portable defaults without secrets
(skip) createDefaultGatewayContext > honors partial overrides
(skip) createDefaultGatewayContext > falls back to getRandomValues UUID when randomUUID is missing
(skip) createDefaultGatewayContext > throws when Web Crypto is absent (no Math.random fallback; CORE-3)
(skip) createDefaultGatewayContext > attaches optional telemetry when provided
(skip) createDefaultGatewayContext > wraps provided telemetry so cardNumber/secret emits are redacted (P20-TELEMETRY-WRAP)
(skip) createDefaultGatewayContext > double-wraps already-redacting telemetry without unmasking secrets (P20-TELEMETRY-WRAP)

packages/core/src/gateways/gateway-runtime-injection.test.ts:
(skip) gateway injected runtime (Stream B) > StripeGateway uses injected fetch (ctor runtime) without touching globalThis.fetch
(skip) gateway injected runtime (Stream B) > MoyasarGateway uses injected fetch (ctor runtime) without touching globalThis.fetch
(skip) gateway injected runtime (Stream B) > PaymobGateway uses injected fetch (ctor runtime) without touching globalThis.fetch
(skip) gateway injected runtime (Stream B) > PayPalGateway uses injected fetch (ctor runtime) without touching globalThis.fetch
(skip) gateway injected runtime (Stream B) > factory create(context) passes context.fetch into Stripe HTTP path
(skip) gateway injected runtime (Stream B) > createPaymentClient runtime.fetch reaches gateway HTTP
(skip) gateway injected runtime (Stream B) > legacy PaymentClient constructor runtime.fetch reaches Stripe HTTP
(skip) gateway injected runtime (Stream B) > default runtime still delegates to live globalThis.fetch (compat)
(skip) portable webhook verify (no node:crypto in production path) > Stripe verifyWebhook accepts portable HMAC-SHA256 signature
(skip) portable webhook verify (no node:crypto in production path) > Stripe verifyWebhook respects injected clock for skew
(skip) portable webhook verify (no node:crypto in production path) > Paymob verifyWebhook accepts portable HMAC-SHA512
(skip) portable webhook verify (no node:crypto in production path) > Moyasar verifyWebhook uses portable timing-safe compare
(skip) production core src has zero node: imports > no production .ts under packages/core/src imports node:*
(skip) factory runtime wiring > all four factories forward context fetch/crypto/clock/uuid

packages/gateway-myfatoorah/src/fixtures/safety.test.ts:
(pass) fixture safety > keeps committed MyFatoorah fixtures free of live secrets and raw PANs [4.73ms]
(pass) fixture safety > rejects 13–19 digit unmarked PANs [0.44ms]
(pass) fixture safety > rejects the public MyFatoorah sandbox token shape [0.20ms]

packages/gateway-tap/src/fixtures/safety.test.ts:
(pass) fixture safety > keeps committed Tap fixtures free of live secrets and PANs [2.69ms]
(pass) fixture safety > keeps the Tap docs example secret in the sk_test_ allow-list [0.14ms]

packages/core/src/gateways/moyasar/moyasar.gateway.test.ts:
(pass) MoyasarGateway > createPayment > maps capture false to Moyasar source.manual for token payments [18.82ms]
(pass) MoyasarGateway > createPayment > rejects raw credit card sources before sending cardholder data to the backend API [2.55ms]
(pass) MoyasarGateway > createPayment > lets manualCapture override capture false [1.68ms]
(pass) MoyasarGateway > createPayment > requires callbackUrl for token payments [1.59ms]
(pass) MoyasarGateway > createPayment > requires a Moyasar source before making an API request [0.59ms]
(pass) MoyasarGateway > createPayment > marks API-successful failed payments as unsuccessful [1.02ms]
(pass) MoyasarGateway > createPayment > marks unmapped provider statuses as unsuccessful (success false) [1.26ms]
(pass) MoyasarGateway > createPayment > marks abandoned payments as unsuccessful [0.81ms]
(pass) MoyasarGateway > createPayment > does not require callbackUrl for STC Pay and returns OTP nextAction [1.37ms]
(pass) MoyasarGateway > createPayment > accepts Moyasar's documented local STC Pay mobile number without plus prefix [1.17ms]
(pass) MoyasarGateway > createPayment > rejects metadata that cannot be represented safely in Moyasar metadata [0.93ms]
(pass) MoyasarGateway > createPayment > rejects non-string metadata values before sending the request [0.60ms]
(pass) MoyasarGateway > createPayment > validates final metadata after adding order correlation keys [1.59ms]
(pass) MoyasarGateway > createPayment > uses currency minor units for create response mapping [1.37ms]
(pass) MoyasarGateway > createPayment > fail-closes non-finite amount after 2xx without inventing paid 0 (MOYASAR-1) [1.12ms]
(pass) MoyasarGateway > createPayment > fail-closes currency-stripped paid after 2xx (MOYASAR-1 incomplete money) [0.89ms]
(pass) MoyasarGateway > createPayment > fail-closes missing currency on paid getPayment (MOYASAR-1) [0.86ms]
203 |         // Validation Layer — use parsed data so Zod defaults/transforms apply
204 |         let validatedParams = paramsForValidation as T;
205 |         if (schema) {
206 |             const parsed = schema.safeParse(paramsForValidation);
207 |             if (!parsed.success) {
208 |                 throw new InvalidRequestError(
                            ^
InvalidRequestError: Validation failed for createPayment
 statusCode: 400,
 validationErrors: [
  [Object ...]
],
       code: "INVALID_REQUEST"

      at executeWithHooks (/home/shahin/Documents/projects/personal/packages/paykernel/packages/core/src/gateways/base.gateway.ts:208:23)
      at createPayment (/home/shahin/Documents/projects/personal/packages/paykernel/packages/core/src/gateways/moyasar/moyasar.gateway.ts:489:17)
      at <anonymous> (/home/shahin/Documents/projects/personal/packages/paykernel/packages/core/src/gateways/moyasar/moyasar.gateway.test.ts:563:45)
(fail) MoyasarGateway > createPayment > fail-closes paid/captured family without a finite captured total (P610-MOY-2) [0.74ms]
203 |         // Validation Layer — use parsed data so Zod defaults/transforms apply
204 |         let validatedParams = paramsForValidation as T;
205 |         if (schema) {
206 |             const parsed = schema.safeParse(paramsForValidation);
207 |             if (!parsed.success) {
208 |                 throw new InvalidRequestError(
                            ^
InvalidRequestError: Validation failed for createPayment
 statusCode: 400,
 validationErrors: [
  [Object ...]
],
       code: "INVALID_REQUEST"

      at executeWithHooks (/home/shahin/Documents/projects/personal/packages/paykernel/packages/core/src/gateways/base.gateway.ts:208:23)
      at createPayment (/home/shahin/Documents/projects/personal/packages/paykernel/packages/core/src/gateways/moyasar/moyasar.gateway.ts:489:17)
      at <anonymous> (/home/shahin/Documents/projects/personal/packages/paykernel/packages/core/src/gateways/moyasar/moyasar.gateway.test.ts:602:44)
(fail) MoyasarGateway > createPayment > fail-closes paid + finite captured 0 (MOYASAR-CAP-0) [0.55ms]
(pass) MoyasarGateway > createPayment > fail-closes provider captured + finite captured 0 on getPayment (MOYASAR-CAP-0) [0.59ms]
(pass) MoyasarGateway > createPayment > accepts Money amount input for createPayment (bigint minor conversion) [0.91ms]
(pass) MoyasarGateway > createPayment > keeps Money.exponent through Zod so OMR override is 2012 not 20120 (P05-MONEY-1) [1.01ms]
(pass) MoyasarGateway > createPayment > rejects Money amounts with excess currency precision [0.67ms]
203 |         // Validation Layer — use parsed data so Zod defaults/transforms apply
204 |         let validatedParams = paramsForValidation as T;
205 |         if (schema) {
206 |             const parsed = schema.safeParse(paramsForValidation);
207 |             if (!parsed.success) {
208 |                 throw new InvalidRequestError(
                            ^
InvalidRequestError: Validation failed for createPayment
 statusCode: 400,
 validationErrors: [
  [Object ...]
],
       code: "INVALID_REQUEST"

      at executeWithHooks (/home/shahin/Documents/projects/personal/packages/paykernel/packages/core/src/gateways/base.gateway.ts:208:23)
      at createPayment (/home/shahin/Documents/projects/personal/packages/paykernel/packages/core/src/gateways/moyasar/moyasar.gateway.ts:489:17)
      at <anonymous> (/home/shahin/Documents/projects/personal/packages/paykernel/packages/core/src/gateways/moyasar/moyasar.gateway.test.ts:699:29)
(fail) MoyasarGateway > createPayment > maps decrypted Apple Pay fields to Moyasar API names [0.55ms]
(pass) MoyasarGateway > createPayment > rejects invalid Apple Pay shape with InvalidRequestError (not GatewayApiError) [0.45ms]
(pass) MoyasarGateway > createPayment > rejects capture:false for decrypted Apple Pay (DPAN) sources [0.54ms]
(pass) MoyasarGateway > createPayment > rejects capture:false for STC Pay sources [0.53ms]
203 |         // Validation Layer — use parsed data so Zod defaults/transforms apply
204 |         let validatedParams = paramsForValidation as T;
205 |         if (schema) {
206 |             const parsed = schema.safeParse(paramsForValidation);
207 |             if (!parsed.success) {
208 |                 throw new InvalidRequestError(
                            ^
InvalidRequestError: Validation failed for createPayment
 statusCode: 400,
 validationErrors: [
  [Object ...]
],
       code: "INVALID_REQUEST"

      at executeWithHooks (/home/shahin/Documents/projects/personal/packages/paykernel/packages/core/src/gateways/base.gateway.ts:208:23)
      at createPayment (/home/shahin/Documents/projects/personal/packages/paykernel/packages/core/src/gateways/moyasar/moyasar.gateway.ts:489:17)
      at <anonymous> (/home/shahin/Documents/projects/personal/packages/paykernel/packages/core/src/gateways/moyasar/moyasar.gateway.test.ts:780:29)
(fail) MoyasarGateway > createPayment > uppercases currency on create payment requests [0.48ms]
203 |         // Validation Layer — use parsed data so Zod defaults/transforms apply
204 |         let validatedParams = paramsForValidation as T;
205 |         if (schema) {
206 |             const parsed = schema.safeParse(paramsForValidation);
207 |             if (!parsed.success) {
208 |                 throw new InvalidRequestError(
                            ^
InvalidRequestError: Validation failed for createPayment
 statusCode: 400,
 validationErrors: [
  [Object ...], [Object ...], [Object ...]
],
       code: "INVALID_REQUEST"

      at executeWithHooks (/home/shahin/Documents/projects/personal/packages/paykernel/packages/core/src/gateways/base.gateway.ts:208:23)
      at createPayment (/home/shahin/Documents/projects/personal/packages/paykernel/packages/core/src/gateways/moyasar/moyasar.gateway.ts:489:17)
      at <anonymous> (/home/shahin/Documents/projects/personal/packages/paykernel/packages/core/src/gateways/moyasar/moyasar.gateway.test.ts:795:29)
(fail) MoyasarGateway > createPayment > converts split amounts from major units to Moyasar minor units [1.57ms]
203 |         // Validation Layer — use parsed data so Zod defaults/transforms apply
204 |         let validatedParams = paramsForValidation as T;
205 |         if (schema) {
206 |             const parsed = schema.safeParse(paramsForValidation);
207 |             if (!parsed.success) {
208 |                 throw new InvalidRequestError(
                            ^
InvalidRequestError: Validation failed for createPayment
 statusCode: 400,
 validationErrors: [
  [Object ...], [Object ...], [Object ...]
],
       code: "INVALID_REQUEST"

      at executeWithHooks (/home/shahin/Documents/projects/personal/packages/paykernel/packages/core/src/gateways/base.gateway.ts:208:23)
      at createPayment (/home/shahin/Documents/projects/personal/packages/paykernel/packages/core/src/gateways/moyasar/moyasar.gateway.ts:489:17)
      at <anonymous> (/home/shahin/Documents/projects/personal/packages/paykernel/packages/core/src/gateways/moyasar/moyasar.gateway.test.ts:848:29)
(fail) MoyasarGateway > createPayment > converts negative split amounts to minor units when reverse splits are used [0.66ms]
203 |         // Validation Layer — use parsed data so Zod defaults/transforms apply
204 |         let validatedParams = paramsForValidation as T;
205 |         if (schema) {
206 |             const parsed = schema.safeParse(paramsForValidation);
207 |             if (!parsed.success) {
208 |                 throw new InvalidRequestError(
                            ^
InvalidRequestError: Validation failed for createPayment
 statusCode: 400,
 validationErrors: [
  [Object ...]
],
       code: "INVALID_REQUEST"

      at executeWithHooks (/home/shahin/Documents/projects/personal/packages/paykernel/packages/core/src/gateways/base.gateway.ts:208:23)
      at createPayment (/home/shahin/Documents/projects/personal/packages/paykernel/packages/core/src/gateways/moyasar/moyasar.gateway.ts:489:17)
      at <anonymous> (/home/shahin/Documents/projects/personal/packages/paykernel/packages/core/src/gateways/moyasar/moyasar.gateway.test.ts:876:29)
(fail) MoyasarGateway > createPayment > copies orderId into Moyasar metadata for webhook correlation [0.45ms]
203 |         // Validation Layer — use parsed data so Zod defaults/transforms apply
204 |         let validatedParams = paramsForValidation as T;
205 |         if (schema) {
206 |             const parsed = schema.safeParse(paramsForValidation);
207 |             if (!parsed.success) {
208 |                 throw new InvalidRequestError(
                            ^
InvalidRequestError: Validation failed for createPayment
 statusCode: 400,
 validationErrors: [
  [Object ...]
],
       code: "INVALID_REQUEST"

      at executeWithHooks (/home/shahin/Documents/projects/personal/packages/paykernel/packages/core/src/gateways/base.gateway.ts:208:23)
      at createPayment (/home/shahin/Documents/projects/personal/packages/paykernel/packages/core/src/gateways/moyasar/moyasar.gateway.ts:489:17)
      at <anonymous> (/home/shahin/Documents/projects/personal/packages/paykernel/packages/core/src/gateways/moyasar/moyasar.gateway.test.ts:899:29)
(fail) MoyasarGateway > createPayment > does not overwrite explicit metadata order correlation fields [0.47ms]
(pass) MoyasarGateway > createPayment > requires Moyasar idempotencyKey to be a UUID [0.62ms]
(pass) MoyasarGateway > createPayment > rejects legacy tokenId values that do not match Moyasar token format [0.58ms]
110 |
111 | function throwInvalidAmount(
112 |   message: string,
113 |   kind: MoneyFailureKind = "other",
114 | ): never {
115 |   throw new MoneyAmountError(message, kind);
              ^
MoneyAmountError: Amount has more decimal places than the currency supports (maximum 2)
 statusCode: 400,
 validationErrors: undefined,
       kind: "excess_precision",
       code: "INVALID_REQUEST"

      at throwInvalidAmount (/home/shahin/Documents/projects/personal/packages/paykernel/packages/core/src/utils/money.ts:115:9)
      at scaleToMinor (/home/shahin/Documents/projects/personal/packages/paykernel/packages/core/src/utils/money.ts:282:5)
      at decimalStringToMinor (/home/shahin/Documents/projects/personal/packages/paykernel/packages/core/src/utils/money.ts:391:17)
      at money (/home/shahin/Documents/projects/personal/packages/paykernel/packages/core/src/utils/money.ts:541:47)
      at <anonymous> (/home/shahin/Documents/projects/personal/packages/paykernel/packages/core/src/gateways/moyasar/moyasar.gateway.test.ts:951:19)
(fail) MoyasarGateway > createPayment > rejects amounts below one minor unit [0.50ms]
110 |
111 | function throwInvalidAmount(
112 |   message: string,
113 |   kind: MoneyFailureKind = "other",
114 | ): never {
115 |   throw new MoneyAmountError(message, kind);
              ^
MoneyAmountError: Amount has more decimal places than the currency supports (maximum 2)
 statusCode: 400,
 validationErrors: undefined,
       kind: "excess_precision",
       code: "INVALID_REQUEST"

      at throwInvalidAmount (/home/shahin/Documents/projects/personal/packages/paykernel/packages/core/src/utils/money.ts:115:9)
      at scaleToMinor (/home/shahin/Documents/projects/personal/packages/paykernel/packages/core/src/utils/money.ts:282:5)
      at decimalStringToMinor (/home/shahin/Documents/projects/personal/packages/paykernel/packages/core/src/utils/money.ts:391:17)
      at money (/home/shahin/Documents/projects/personal/packages/paykernel/packages/core/src/utils/money.ts:541:47)
      at <anonymous> (/home/shahin/Documents/projects/personal/packages/paykernel/packages/core/src/gateways/moyasar/moyasar.gateway.test.ts:966:19)
(fail) MoyasarGateway > createPayment > rejects amounts with unsupported currency precision [0.42ms]
(pass) MoyasarGateway > createPayment > treats HTTP 200 empty {} as indeterminate, not declined failed (NEW-MOYASAR-1) [1.02ms]
(pass) MoyasarGateway > createPayment > treats HTTP 200 missing payment.id as indeterminate even when status is paid (NEW-MOYASAR-1) [0.70ms]
203 |         // Validation Layer — use parsed data so Zod defaults/transforms apply
204 |         let validatedParams = paramsForValidation as T;
205 |         if (schema) {
206 |             const parsed = schema.safeParse(paramsForValidation);
207 |             if (!parsed.success) {
208 |                 throw new InvalidRequestError(
                            ^
InvalidRequestError: Validation failed for capturePayment
 statusCode: 400,
 validationErrors: [
  [Object ...]
],
       code: "INVALID_REQUEST"

      at executeWithHooks (/home/shahin/Documents/projects/personal/packages/paykernel/packages/core/src/gateways/base.gateway.ts:208:23)
      at capturePayment (/home/shahin/Documents/projects/personal/packages/paykernel/packages/core/src/gateways/moyasar/moyasar.gateway.ts:770:17)
      at <anonymous> (/home/shahin/Documents/projects/personal/packages/paykernel/packages/core/src/gateways/moyasar/moyasar.gateway.test.ts:1033:29)
(fail) MoyasarGateway > capturePayment and refundPayment > uses provided currency minor units for partial capture [0.78ms]
1055 |           gatewayPaymentId: PAYMENT_ID,
1056 |           amount: 50,
1057 |           currency: "JPY",
1058 |           idempotencyKey: DEFAULT_MUTATION_IDEMPOTENCY_KEY,
1059 |         }),
1060 |       ).rejects.toThrow(/does not match payment currency/);
                       ^
error: expect(received).toThrow(expected)

Expected pattern: /does not match payment currency/
Received message: "Validation failed for capturePayment"

      at <anonymous> (/home/shahin/Documents/projects/personal/packages/paykernel/packages/core/src/gateways/moyasar/moyasar.gateway.test.ts:1060:17)
(fail) MoyasarGateway > capturePayment and refundPayment > rejects partial capture currency that does not match payment (MOYASAR-3) [0.96ms]
(pass) MoyasarGateway > capturePayment and refundPayment > requires currency for partial captures instead of defaulting to SAR [0.92ms]
(pass) MoyasarGateway > capturePayment and refundPayment > omits request body and Content-Type for full capture [3.55ms]
(pass) MoyasarGateway > capturePayment and refundPayment > maps refund totals using response currency minor units [2.50ms]
(pass) MoyasarGateway > capturePayment and refundPayment > marks partial refunds completed even when provider status is still paid [1.01ms]
(pass) MoyasarGateway > capturePayment and refundPayment > treats incomplete refund snapshot as pending without inventing totalRefunded=0 (MOYASAR-2) [0.76ms]
(pass) MoyasarGateway > capturePayment and refundPayment > rejects partial refund currency that does not match payment (MOYASAR-3) [0.50ms]
(pass) MoyasarGateway > capturePayment and refundPayment > maps getPayment partial refund amounts to partially_refunded [0.41ms]
(pass) MoyasarGateway > capturePayment and refundPayment > maps full refund of partial capture to refunded (captured baseline) [0.42ms]
(pass) MoyasarGateway > capturePayment and refundPayment > maps partial refund of partial capture to partially_refunded [0.38ms]
(pass) MoyasarGateway > capturePayment and refundPayment > maps full refund of full capture to refunded [0.36ms]
(pass) MoyasarGateway > capturePayment and refundPayment > maps provider refunded + zero refunded amount to refund_completed (not full refunded) [0.40ms]
(pass) MoyasarGateway > capturePayment and refundPayment > maps provider refunded + missing refunded amount to refund_completed [0.72ms]
(pass) MoyasarGateway > capturePayment and refundPayment > maps provider refunded + non-finite refunded amount to refund_completed [0.49ms]
(pass) MoyasarGateway > capturePayment and refundPayment > uses authorization amount as refund baseline when captured is 0 [0.66ms]
(pass) MoyasarGateway > capturePayment and refundPayment > maps Moyasar verified status to setup_completed (not authorized) [0.32ms]
(pass) MoyasarGateway > capturePayment and refundPayment > maps partial capture amounts to partially_captured [1.26ms]
(pass) MoyasarGateway > capturePayment and refundPayment > publishes currency with amounts on full capture (MOYASAR-1) [1.05ms]
(pass) MoyasarGateway > capturePayment and refundPayment > requires currency for partial refunds instead of defaulting to SAR [0.44ms]
(pass) MoyasarGateway > capturePayment and refundPayment > omits request body and Content-Type for full refund [0.97ms]
(pass) MoyasarGateway > capturePayment and refundPayment > omits Content-Type for void (empty body) [1.56ms]
(pass) MoyasarGateway > capturePayment and refundPayment > voidPayment forceOutcome succeeded only when provider status is voided (MOYASAR-5) [0.82ms]
(pass) MoyasarGateway > capturePayment and refundPayment > voidPayment residual paid is money-honest (not void-complete) (MOYASAR-2) [0.73ms]
(pass) MoyasarGateway > capturePayment and refundPayment > voidPayment does not force succeeded on failed residual body (MOYASAR-5) [1.00ms]
(pass) MoyasarGateway > capturePayment and refundPayment > keeps Moyasar validation error details when error fields are not arrays [1.16ms]
(pass) MoyasarGateway > capturePayment and refundPayment > maps Moyasar documented invalid_request errors to InvalidRequestError [0.61ms]
(pass) MoyasarGateway > capturePayment and refundPayment > maps Moyasar not-found responses to ResourceNotFoundError [0.67ms]
(pass) MoyasarGateway > capturePayment and refundPayment > maps 3ds_auth_error to CardDeclinedError (not AuthenticationError) [1.12ms]
(pass) MoyasarGateway > capturePayment and refundPayment > keeps authentication_error as AuthenticationError [0.46ms]
(pass) MoyasarGateway > confirmStcPayOtp > posts otp_value to the Moyasar STC Pay transaction URL [2.03ms]
(pass) MoyasarGateway > confirmStcPayOtp > runs global lifecycle hooks for OTP confirmation [1.39ms]
(pass) MoyasarGateway > confirmStcPayOtp > rejects non-Moyasar STC Pay transaction URLs [0.27ms]
(pass) MoyasarGateway > confirmStcPayOtp > throws when store/key is missing for OTP confirm (NEW-MOYASAR-3) [0.46ms]
(pass) MoyasarGateway > confirmStcPayOtp > keeps the OTP fence after a post-submit transport error (NEW-MOYASAR-3) [2.09ms]
(pass) MoyasarGateway > getPayment > publishes currency with major-unit amounts (MOYASAR-1) [0.90ms]
(pass) MoyasarGateway > getPayment > uppercases provider currency on getPayment money snapshot [0.52ms]
(pass) MoyasarGateway > getPayment > validates gatewayPaymentId before fetching [0.30ms]
(pass) MoyasarGateway > getPayment > rejects non-UUID Moyasar payment IDs before making API requests [0.59ms]
(pass) MoyasarGateway > getPayment > maps fetch failures to NetworkError [1124.96ms]
(pass) MoyasarGateway > getPayment > treats GET HTTP 200 invalid JSON as GatewayApiError, not afterProviderSubmit (NEW-MOYASAR-JSON-1) [1.10ms]
(pass) MoyasarGateway > getPayment > aborts requests that exceed the configured timeout [961.21ms]
(pass) MoyasarGateway > getPayment > rejects getPayment with pre-aborted signal without hanging [1.08ms]
(pass) MoyasarGateway > getPayment > treats mid-flight createPayment caller abort as indeterminate (NEW-CORE-1) [6.57ms]
(pass) MoyasarGateway > getPayment > keeps timeout NetworkError when no caller signal is provided [2.01ms]
(pass) MoyasarGateway > getPayment > does not strip signal through Moyasar schema validation before HTTP [0.80ms]
(pass) MoyasarGateway > getPayment > keeps timeout until the response body is consumed (P610-ABT-4) [952.34ms]
(pass) MoyasarGateway > webhooks > fails closed when webhookSecret is not configured [0.46ms]
(pass) MoyasarGateway > webhooks > verifies secret_token exactly [0.37ms]
(pass) MoyasarGateway > webhooks > rejects an equal-length token with different content timing-safely [0.07ms]
(pass) MoyasarGateway > webhooks > rejects a token longer than the configured secret timing-safely [0.06ms]
(pass) MoyasarGateway > webhooks > rejects a shorter token timing-safely [0.03ms]
(pass) MoyasarGateway > webhooks > rejects an empty token timing-safely [0.02ms]
(pass) MoyasarGateway > webhooks > rejects non-string tokens timing-safely [0.12ms]
(pass) MoyasarGateway > webhooks > rejects malformed webhook payloads during parsing [0.68ms]
(pass) MoyasarGateway > webhooks > parses Moyasar underscore event names and currency minor units [3.66ms]
(pass) MoyasarGateway > webhooks > strips secret_token from webhook rawPayload [0.90ms]
(pass) MoyasarGateway > webhooks > maps verified webhook status to setup_completed [0.86ms]
(pass) MoyasarGateway > webhooks > sets livemode true when webhook envelope live is true [0.91ms]
(pass) MoyasarGateway > webhooks > sets livemode false when webhook envelope live is false [0.87ms]
(pass) MoyasarGateway > webhooks > maps partial refund amounts on webhooks to partially_refunded [1.25ms]
(pass) MoyasarGateway > webhooks > maps full refund of partial capture on webhooks to refunded (captured baseline) [0.96ms]
(pass) MoyasarGateway > webhooks > maps provider refunded + zero refunded amount on webhooks to refund_completed [1.09ms]
(pass) MoyasarGateway > webhooks > maps provider refunded + missing refunded amount on webhooks to refund_completed without inventing total [1.15ms]
(pass) MoyasarGateway > webhooks > maps payment_refunded + paid-like status without refund amount to refund_completed (not paid) [1.75ms]
(pass) MoyasarGateway > webhooks > maps payment_refunded + non-finite refunded amount to refund_completed without inventing total [0.98ms]
(pass) MoyasarGateway > webhooks > uses captured amount on capture webhooks (not authorization total) [0.99ms]
(pass) MoyasarGateway > webhooks > demotes payment_paid + amount-derived partially_captured dual-write to payment.processing [1.07ms]
(pass) MoyasarGateway > webhooks > fail-closes payment_voided + paid residual (MOYASAR-1) [1.17ms]
(pass) MoyasarGateway > webhooks > fail-closes payment_voided + incomplete paid residual (captured 0) (MOYASAR-1) [0.78ms]
(pass) MoyasarGateway > webhooks > fail-closes payment_voided + authorized residual (MOYASAR-1) [0.79ms]
(pass) MoyasarGateway > webhooks > fail-closes payment_voided + partially_captured residual (MOYASAR-1) [0.83ms]
(pass) MoyasarGateway > webhooks > maps consistent payment_voided + voided snapshot to cancelled (MOYASAR-1) [0.99ms]
(pass) MoyasarGateway > webhooks > demotes payment_paid dual-write when domain status is not paid-like (MOYASAR-3) [0.78ms]
(pass) MoyasarGateway > webhooks > uses full captured amount on payment_paid when captured is present [0.60ms]
(pass) MoyasarGateway > webhooks > fail-closes payment_paid / payment_captured without a finite captured total (P610-MOY-2) [1.60ms]
(pass) MoyasarGateway > webhooks > fail-closes payment_paid + finite captured 0 (MOYASAR-CAP-0) [0.82ms]
(pass) MoyasarGateway > webhooks > fail-closes payment_captured + finite captured 0 (MOYASAR-CAP-0) [0.61ms]
(pass) MoyasarGateway > webhooks > hashes webhook via compact identity, not the full tree (NEW-PERF-1) [2.01ms]
(pass) MoyasarGateway > webhooks > does not dual-write payment.succeeded for a free-form type with paid status [0.60ms]
(pass) MoyasarGateway > webhooks > maps unmapped provider statuses to failed (fail-closed) [0.81ms]
(pass) MoyasarGateway > webhooks > falls back to metadata.orderId when paymentId is absent [0.57ms]
(pass) MoyasarGateway > webhooks > maps Moyasar abandoned webhooks to failed status [0.61ms]
(pass) MoyasarGateway > webhooks > normalizes Moyasar's documented failed webhook event spelling [0.63ms]
(pass) MoyasarGateway > webhooks > parses verified card_auth_* as provider.unmapped, not InvalidWebhookError (NEW-MOYASAR-2) [1.23ms]
(pass) MoyasarGateway > webhooks > Phase 7 dual-write: payment_paid → payment.succeeded + redacted envelope [2.22ms]
(pass) MoyasarGateway > webhooks > Phase 7 dual-write: payment_failed / payment_authorized / payment_refunded [2.49ms]
(pass) MoyasarGateway > clock injection > uses this.clock.nowMs() for mutation createdAt (P610-CLK-2) [1.96ms]
(pass) MoyasarGateway > idempotent mutations > replays a completed refund without a second API call [1.68ms]
(pass) MoyasarGateway > idempotent mutations > does not double-refund: a retry after success is a no-op [3.12ms]
(pass) MoyasarGateway > idempotent mutations > rejects reusing an idempotency key with different parameters [2.49ms]
(pass) MoyasarGateway > idempotent mutations > blocks replay after an indeterminate (network) refund failure [1.72ms]
(pass) MoyasarGateway > idempotent mutations > allows retry after a definite (4xx) refund failure [1.88ms]
(pass) MoyasarGateway > idempotent mutations > treats refund HTTP 200 {} as indeterminate and does not complete the fence (NEW-MOYASAR-REFUND-ID) [1.18ms]
(pass) MoyasarGateway > idempotent mutations > treats refund HTTP 200 missing payment.id as indeterminate even when status is refunded (NEW-MOYASAR-REFUND-ID) [1.55ms]
(pass) MoyasarGateway > idempotent mutations > keeps the refund fence after HTTP 408 (NEW-MOYASAR-4XX) [1.48ms]
(pass) MoyasarGateway > idempotent mutations > keeps the refund fence after HTTP 409 and 425 (NEW-MOYASAR-4XX) [2.17ms]
(pass) MoyasarGateway > idempotent mutations > treats refund HTTP 200 invalid JSON as indeterminate and keeps fence unknown (NEW-MOYASAR-JSON-1) [1.61ms]
(pass) MoyasarGateway > idempotent mutations > treats capture HTTP 200 invalid JSON as indeterminate and keeps fence unknown (NEW-MOYASAR-JSON-1) [1.50ms]
(pass) MoyasarGateway > idempotent mutations > keeps reservation after 2xx map failure on capture (MOYASAR-1) [1.37ms]
(pass) MoyasarGateway > idempotent mutations > retries a 5xx error on createPayment when an idempotency key is present [43.68ms]
(pass) MoyasarGateway > idempotent mutations > does not retry createPayment without an idempotency key [1.35ms]
(pass) MoyasarGateway > rate limiting > preserves Retry-After seconds when mapping 429 to RateLimitError [1.25ms]
(pass) MoyasarGateway > idempotency store safety > warns that idempotencyStore is required when none is configured [0.30ms]
(pass) MoyasarGateway > idempotency store safety > throws when the idempotency store lacks atomic reserve() (fail-fast) [0.32ms]
(pass) MoyasarGateway > idempotency store safety > does not warn when the store implements reserve() [0.17ms]
(pass) MoyasarGateway > idempotency store safety > fails closed when no store is configured (MOYASAR-2) [1.03ms]
(pass) MoyasarGateway > idempotency store safety > fails closed when store lacks atomic reserve (MOYASAR-1) — fail-fast at construction [0.28ms]
(pass) MoyasarGateway > idempotency store safety > fails closed when store is present but idempotencyKey is omitted (MOYASAR-2) [0.71ms]

packages/core/src/gateways/paymob/paymob.gateway.test.ts:
(pass) PaymobGateway > Configuration > uses KSA base URL by default [1.05ms]
(pass) PaymobGateway > Configuration > uses Egypt base URL for eg region [0.13ms]
(pass) PaymobGateway > Configuration > uses custom base URL without trailing slash [0.16ms]
(pass) PaymobGateway > Configuration > uses current UAE base URL [0.10ms]
(pass) PaymobGateway > Configuration > warns when secretKey is set without hmacSecret [0.32ms]
(pass) PaymobGateway > Configuration > throws when the idempotency store lacks atomic reserve() (fail-fast) [0.24ms]
(pass) PaymobGateway > Configuration > does not warn about atomic reserve when the store implements reserve() [0.13ms]
(pass) PaymobGateway > Configuration > does not warn about missing hmacSecret when hmacSecret is configured [0.19ms]
(pass) PaymobGateway > createPayment > creates an Intention payment with Token auth, payment methods, and safe redirect handling [6.64ms]
(pass) PaymobGateway > createPayment > uses ISO minor units for OMR instead of assuming two decimals [1.75ms]
(pass) PaymobGateway > createPayment > rejects Paymob amounts below the currency minor unit before sending requests [0.48ms]
(pass) PaymobGateway > createPayment > rejects Paymob amounts with more precision than the currency supports [0.36ms]
(pass) PaymobGateway > createPayment > accepts Money amount input for createPayment [1.26ms]
(pass) PaymobGateway > createPayment > normalizes currency to uppercase before sending Intention requests [1.57ms]
(pass) PaymobGateway > createPayment > encodes Unified Checkout query parameters [1.42ms]
(pass) PaymobGateway > createPayment > preserves Paymob payment method aliases instead of turning them into NaN [1.62ms]
(pass) PaymobGateway > createPayment > warns when per-payment callbacks are used with explicit non-card aliases [1.65ms]
(pass) PaymobGateway > createPayment > uses the configured auth integration when capture is false [1.22ms]
(pass) PaymobGateway > createPayment > sets is_auth true and payment_type AUTH on Intention body when capture is false (dual auth model) [1.50ms]
(pass) PaymobGateway > createPayment > does not set is_auth or payment_type on Intention body for normal capture payments [1.22ms]
(pass) PaymobGateway > createPayment > does not fall back to sale integrationId when capture is false and authIntegrationId is missing [2.38ms]
(pass) PaymobGateway > createPayment > fails loudly when capture is false and neither authIntegrationId nor integrationId is configured [1.48ms]
(pass) PaymobGateway > createPayment > applies currencyExponentOverrides for minor-unit conversion [1.56ms]
(pass) PaymobGateway > createPayment > applies case-insensitive currencyExponentOverrides keys [1.22ms]
(pass) PaymobGateway > createPayment > throws when currencyExponentOverrides value is invalid [0.83ms]
(pass) PaymobGateway > createPayment > uses idempotencyKey as special_reference when no payment/order reference is provided [4.73ms]
(pass) PaymobGateway > createPayment > allows Paymob Intention creation without per-payment notification_url [1.11ms]
(pass) PaymobGateway > createPayment > treats malformed successful Intention responses as indeterminate (PAYMOB-2) [0.99ms]
(pass) PaymobGateway > createPayment > keeps the idempotency fence after Intention HTTP 200 with empty id (PAYMOB-2) [5.73ms]
(pass) PaymobGateway > createPayment > keeps the idempotency fence after Intention HTTP 200 with missing checkout URL (PAYMOB-2) [4.89ms]
(pass) PaymobGateway > createPayment > rejects invalid billing metadata before sending Paymob requests [0.57ms]
(pass) PaymobGateway > createPayment > does not send fake billing data when required customer fields are missing [0.49ms]
(pass) PaymobGateway > createPayment > requires both secretKey and publicKey for Intention checkout [0.48ms]
(pass) PaymobGateway > createPayment > creates a legacy iframe payment with apiKey, integrationId, and iframeId [5.22ms]
(pass) PaymobGateway > createPayment > URL-encodes legacy iframe payment tokens [1.16ms]
(pass) PaymobGateway > createPayment > keeps the idempotency fence after legacy HTTP 200 missing payment token (PAYMOB-FENCE-3) [4.67ms]
(pass) PaymobGateway > createPayment > keeps the create fence after legacy Orders 200 then Payment Keys 408 (NEW-PAYMOB-4XX) [3.90ms]
(pass) PaymobGateway > createPayment > keeps the idempotency fence after legacy HTTP 200 missing order id (PAYMOB-FENCE-3) [4.15ms]
(pass) PaymobGateway > createPayment > rejects whitespace-only Paymob payment method overrides [0.93ms]
(pass) PaymobGateway > payment management APIs > requires secretKey or apiKey for capture/refund/void/getPayment [3.31ms]
(pass) PaymobGateway > payment management APIs > uses secretKey Token auth for capture without apiKey or body auth_token [2.97ms]
(pass) PaymobGateway > payment management APIs > uses secretKey Token auth for refund, void, and getPayment without apiKey [2.63ms]
(pass) PaymobGateway > payment management APIs > prefers secretKey Token auth over apiKey when both are configured [1.43ms]
(pass) PaymobGateway > payment management APIs > falls back to legacy apiKey auth_token path when secretKey is missing [1.18ms]
(pass) PaymobGateway > payment management APIs > wraps auth network failures as NetworkError [0.82ms]
(pass) PaymobGateway > payment management APIs > maps failed refund responses to failed results [1.25ms]
(pass) PaymobGateway > payment management APIs > maps pending refund responses to pending even when success is true [1.08ms]
(pass) PaymobGateway > payment management APIs > omits totalRefunded on pending refund even when body/prior would invent a total (PAYMOB-1) [1.08ms]
(pass) PaymobGateway > payment management APIs > does not complete a refund 200 success with refunded_amount_cents 0 (NEW-PAYMOB-REFUND-0) [1.17ms]
(pass) PaymobGateway > payment management APIs > estimates totalRefunded when refund body omits refunded_amount_cents (PAYMOB-3) [1.07ms]
(pass) PaymobGateway > payment management APIs > rejects refund responses missing refund transaction id as indeterminate (PAYMOB-1/4) [1.21ms]
(pass) PaymobGateway > payment management APIs > derives full capture amount from transaction inquiry when amount is omitted [1.49ms]
(pass) PaymobGateway > payment management APIs > derives action amounts from wrapped transaction inquiry responses [1.12ms]
(pass) PaymobGateway > payment management APIs > derives remaining refund amount from transaction inquiry when amount is omitted [1.08ms]
(pass) PaymobGateway > payment management APIs > deduplicates management calls with the same idempotency key [1.50ms]
(pass) PaymobGateway > payment management APIs > deduplicates concurrent management calls with the same idempotency key [1.66ms]
(pass) PaymobGateway > payment management APIs > keeps idempotency keys blocked after network failures on mutating calls [1.96ms]
(pass) PaymobGateway > payment management APIs > does not FIFO-evict unknown or completed fences under cache pressure (PAYMOB-3 / NEW-PAYMOB-TTL) [3.58ms]
(pass) PaymobGateway > payment management APIs > fingerprints Date params with the shared Date tag (NEW-PAYMOB-FP) [0.49ms]
(pass) PaymobGateway > payment management APIs > stamps idempotency createdAt/expiresAt from this.clock.nowMs() (P610-CLK-2) [1.29ms]
(pass) PaymobGateway > payment management APIs > does not prune completed idempotency fences as a free key (NEW-PAYMOB-TTL) [1.29ms]
(pass) PaymobGateway > payment management APIs > never prunes in_progress or unknown idempotency fences (P610-CLK-3) [1.36ms]
(pass) PaymobGateway > payment management APIs > refuses new idempotency keys when cache is full of non-evictable fences (PAYMOB-3) [2.19ms]
(pass) PaymobGateway > payment management APIs > keeps the idempotency fence after refund POST HTTP 429 (NEW-PAYMOB-2) [1.47ms]
(pass) PaymobGateway > payment management APIs > keeps the idempotency fence after refund POST HTTP 408 (NEW-PAYMOB-4XX) [1.63ms]
(pass) PaymobGateway > payment management APIs > keeps idempotency keys blocked after Paymob 5xx responses on mutating calls [1.94ms]
(pass) PaymobGateway > payment management APIs > does not block idempotency retries when preflight auth fails before mutation [1.61ms]
(pass) PaymobGateway > payment management APIs > rejects idempotency key reuse with different parameters [1.26ms]
(pass) PaymobGateway > payment management APIs > can replay idempotent results across gateway instances with a shared store [2.00ms]
(pass) PaymobGateway > payment management APIs > refuses same-key refund after an expired durable unknown fence (PAYMOB-FENCE-1) [1.70ms]
(pass) PaymobGateway > payment management APIs > treats an expired durable in_progress fence as unknown and does not re-reserve (PAYMOB-FENCE-1) [1.24ms]
(pass) PaymobGateway > payment management APIs > throws when idempotencyStore lacks reserve() on mutations (PAYMOB-TOCTOU) — fail-fast at construction [0.34ms]
(pass) PaymobGateway > payment management APIs > fails closed when capture/refund/void omit idempotencyKey (I2-PAYMOB-MUTATION-FENCE) [0.78ms]
(pass) PaymobGateway > payment management APIs > fails closed when mutations have a key but no idempotencyStore (I2-PAYMOB-MUTATION-FENCE) [0.67ms]
(pass) PaymobGateway > payment management APIs > replays an expired completed fence instead of delete+re-reserve (NEW-PAYMOB-TTL) [1.18ms]
(pass) PaymobGateway > payment management APIs > does not re-enter a mutation after a completed fence TTL elapses (NEW-PAYMOB-TTL) [1.44ms]
(pass) PaymobGateway > payment management APIs > does not fail a completed Paymob mutation when the shared idempotency result write fails [1.65ms]
(pass) PaymobGateway > payment management APIs > keeps local unknown-outcome protection when the shared idempotency unknown write fails [1.35ms]
(pass) PaymobGateway > payment management APIs > rejects explicit action amounts above the remaining transaction amount [0.85ms]
(pass) PaymobGateway > payment management APIs > PAYMOB-2: refuses remaining capture when is_captured without positive captured_amount (no mutate POST) [1.02ms]
(pass) PaymobGateway > payment management APIs > PAYMOB-2: refuses remaining refund when is_refunded without positive refunded_amount (no mutate POST) [0.45ms]
(pass) PaymobGateway > payment management APIs > PAYMOB-2: refuses remaining refund when is_captured without positive captured_amount (no mutate POST) [0.41ms]
(pass) PaymobGateway > payment management APIs > rejects explicit action currency that differs from the transaction currency [0.63ms]
(pass) PaymobGateway > payment management APIs > derives remaining refund amount from captured amount after partial capture [0.83ms]
(pass) PaymobGateway > payment management APIs > rejects refunding uncaptured authorizations and directs callers to void [0.92ms]
(pass) PaymobGateway > payment management APIs > refuses refund pending sale before POST (S19-PAYMOB-REFUND-UNPAID) [0.89ms]
(pass) PaymobGateway > payment management APIs > refuses refund failed sale before POST (S19-PAYMOB-REFUND-UNPAID) [0.50ms]
(pass) PaymobGateway > payment management APIs > refuses capture pending sale before POST (S19-PAYMOB-REFUND-UNPAID) [0.40ms]
(pass) PaymobGateway > payment management APIs > refuses capture failed sale before POST (S19-PAYMOB-REFUND-UNPAID) [0.35ms]
(pass) PaymobGateway > payment management APIs > converts OMR action amounts and response amounts with three decimal places [1.31ms]
(pass) PaymobGateway > payment management APIs > uses transaction currency when an explicit action amount omits currency [1.57ms]
(pass) PaymobGateway > payment management APIs > rejects transaction inquiry responses that include money without currency [0.68ms]
(pass) PaymobGateway > payment management APIs > normalizes wrapped transaction inquiry responses for getPayment [1.15ms]
(pass) PaymobGateway > payment management APIs > dedupes concurrent legacy auth requests with a single in-flight token fetch [1.04ms]
(pass) PaymobGateway > payment management APIs > expires non-JWT legacy auth cache using this.clock.nowMs() TTL (P610-CLK-2) [1.45ms]
(pass) PaymobGateway > payment management APIs > reuses a cached token derived from the JWT expiry across calls [1.20ms]
(pass) PaymobGateway > payment management APIs > returns Paymob payment status via transaction inquiry [0.64ms]
(pass) PaymobGateway > payment management APIs > empty HTTP 200 inquiry is GatewayApiError, not declined (S19-PAYMOB-JSON) [0.86ms]
(pass) PaymobGateway > payment management APIs > non-JSON HTTP 200 inquiry is GatewayApiError, not declined (S19-PAYMOB-JSON) [0.75ms]
(pass) PaymobGateway > payment management APIs > empty-object HTTP 200 inquiry is GatewayApiError, not declined (S19-PAYMOB-JSON) [0.54ms]
(pass) PaymobGateway > payment management APIs > inquiry missing success is processing, not declined (S20-PAYMOB-SUCCESS-OMIT) [0.62ms]
(pass) PaymobGateway > payment management APIs > inquiry explicit success:false is failed [0.57ms]
(pass) PaymobGateway > payment management APIs > authorized inquiry is not isPaidOutcome (hold may be outcome-succeeded) [0.77ms]
(pass) PaymobGateway > payment management APIs > partially_captured inquiry is not isPaidOutcome and not outcome-succeeded [0.81ms]
(pass) PaymobGateway > payment management APIs > is_captured without positive captured_amount is not paid / not isPaidOutcome (PAYMOB-1) [1.09ms]
(pass) PaymobGateway > payment management APIs > rejects intention IDs for transaction lookup with a clear error [0.56ms]
(pass) PaymobGateway > payment management APIs > rejects intention IDs for capture, refund, and void before calling Paymob [2.36ms]
(pass) PaymobGateway > payment management APIs > rejects non-numeric Paymob transaction IDs before calling Paymob [1.21ms]
(pass) PaymobGateway > payment management APIs > maps successful partial capture responses to partially_captured [1.13ms]
(pass) PaymobGateway > payment management APIs > prefers parent gatewayId over child capture txn id (PAYMOB-2) [1.26ms]
(pass) PaymobGateway > payment management APIs > reports cumulative capturedAmount when capture response omits captured_amount after prior partial [1.00ms]
(pass) PaymobGateway > payment management APIs > does not map capture success to paid without positive captured total (PAYMOB-1) [1.60ms]
(pass) PaymobGateway > payment management APIs > maps pending capture mutation to pending and omits capturedAmount (PAYMOB-4) [0.81ms]
(pass) PaymobGateway > payment management APIs > uses transaction inquiry totals to map partial captures when capture response omits amount_cents [0.77ms]
(pass) PaymobGateway > payment management APIs > rejects malformed successful action responses as indeterminate (PAYMOB-1) [0.77ms]
(pass) PaymobGateway > payment management APIs > treats empty or non-JSON HTTP 200 capture as indeterminate (S19-PAYMOB-JSON) [1.51ms]
(pass) PaymobGateway > payment management APIs > keeps idempotency fence after HTTP 200 + malformed capture body (PAYMOB-1) [1.29ms]
(pass) PaymobGateway > payment management APIs > keeps idempotency fence after HTTP 200 + missing refund id (PAYMOB-1) [0.95ms]
(pass) PaymobGateway > payment management APIs > keeps idempotency fence after HTTP 200 + non-boolean success on void (PAYMOB-1) [0.68ms]
(pass) PaymobGateway > payment management APIs > coerces string success and string money fields on capture/refund mutations (PAYMOB-4) [1.91ms]
(pass) PaymobGateway > payment management APIs > maps pending void to pending/requires_action not cancelled (NEW-PAYMOB-VOID-P) [0.72ms]
(pass) PaymobGateway > payment management APIs > keeps parent gatewayId on void even when response id differs (PAYMOB-3) [0.63ms]
(pass) PaymobGateway > payment management APIs > maps Paymob API errors safely when raw message is not a string [1.13ms]
(pass) PaymobGateway > payment management APIs > maps Paymob 401 responses to AuthenticationError [0.88ms]
(pass) PaymobGateway > payment management APIs > maps Paymob 404 and 429 responses to operational error types [0.91ms]
(pass) PaymobGateway > payment management APIs > maps insufficient-funds Paymob messages to InsufficientFundsError [1.01ms]
(pass) PaymobGateway > payment management APIs > keeps the idempotency fence when caller aborts after Intention POST (PAYMOB-FENCE-2) [1.89ms]
(pass) PaymobGateway > payment management APIs > keeps the idempotency fence when caller aborts after refund POST (PAYMOB-FENCE-2) [1.38ms]
(pass) PaymobGateway > payment management APIs > aborts Paymob requests when the configured timeout is exceeded [1.65ms]
(pass) PaymobGateway > payment management APIs > keeps the request timeout until the response body is consumed (P610-ABT-4) [41.37ms]
(pass) PaymobGateway > verifyWebhook > fails closed when no HMAC secret is configured [1.20ms]
(pass) PaymobGateway > verifyWebhook > allows unverified webhooks only when explicitly configured [0.80ms]
(pass) PaymobGateway > verifyWebhook > refuses unverified webhooks outside explicit local/test environments [0.23ms]
(pass) PaymobGateway > verifyWebhook > refuses unverified webhooks in production even when explicitly configured [0.15ms]
(pass) PaymobGateway > verifyWebhook > verifies a valid HMAC signature using a timing-safe comparison [15.19ms]
(pass) PaymobGateway > verifyWebhook > fails closed instead of throwing when HMAC input is not a string [0.33ms]
(pass) PaymobGateway > verifyWebhook > matches Paymob's documented transaction HMAC field order [0.39ms]
(pass) PaymobGateway > verifyWebhook > verifies card token callbacks with their separate HMAC fields [4.57ms]
(pass) PaymobGateway > verifyWebhook > matches Paymob's documented card-token HMAC concatenation sample [0.43ms]
(pass) PaymobGateway > verifyWebhook > verifies redirection callbacks with flat query-style fields [5.65ms]
(pass) PaymobGateway > verifyWebhook > accepts order_id as an alias for order.id in redirect HMAC fields [5.57ms]
(pass) PaymobGateway > parseWebhookEvent > parses successful payment webhook [4.96ms]
(pass) PaymobGateway > parseWebhookEvent > parses processed callbacks with stringified Paymob numbers and booleans [1.54ms]
(pass) PaymobGateway > parseWebhookEvent > prioritizes refund and void flags over success [4.05ms]
(pass) PaymobGateway > parseWebhookEvent > ignores forged is_refund / is_void next to signed current-state false (I1-PAYMOB-UNSIGNED-ACTION) [3.07ms]
(pass) PaymobGateway > parseWebhookEvent > maps child refund/void from signed has_parent_transaction + signed flag only (I1-PAYMOB-UNSIGNED-ACTION) [2.78ms]
(pass) PaymobGateway > parseWebhookEvent > does not map HMAC-covered error_occured + success to payment.succeeded (PAYMOB-3) [1.40ms]
(pass) PaymobGateway > parseWebhookEvent > does not treat failed refund or void action callbacks as completed states [1.60ms]
(pass) PaymobGateway > parseWebhookEvent > maps signed is_refunded to refund_completed; ignores unsigned capture flags (PAYMOB-2) [2.52ms]
(pass) PaymobGateway > parseWebhookEvent > does not map refund from unsigned refunded_amount_cents alone without signed refund flags [1.46ms]
(pass) PaymobGateway > parseWebhookEvent > maps is_refunded without refunded_amount_cents to refund_completed not full refunded (PAYMOB-6) [1.19ms]
(pass) PaymobGateway > parseWebhookEvent > does not trust unsigned refunded_amount_cents for full refund completeness (PAYMOB-2) [1.36ms]
(pass) PaymobGateway > parseWebhookEvent > does not trust unsigned refunded_amount_cents for partial refund completeness (PAYMOB-2) [1.46ms]
(pass) PaymobGateway > parseWebhookEvent > maps auth-only callbacks to authorized [1.41ms]
(pass) PaymobGateway > parseWebhookEvent > does not promote auth to paid/partial from unsigned captured_amount or is_captured (PAYMOB-1) [1.77ms]
(pass) PaymobGateway > parseWebhookEvent > rejects forged unsigned is_captured after valid HMAC of other fields (PAYMOB-1) [25.46ms]
(pass) PaymobGateway > parseWebhookEvent > rejects forged unsigned is_refund next to signed is_refunded:false after valid HMAC (I1-PAYMOB-UNSIGNED-ACTION) [6.57ms]
(pass) PaymobGateway > parseWebhookEvent > rejects forged unsigned refunded_amount_cents completeness after valid is_refunded HMAC (PAYMOB-2) [11.92ms]
(pass) PaymobGateway > parseWebhookEvent > maps signed is_refund action without refunded total to refund_completed not full refunded (PAYMOB-2) [8.67ms]
(pass) PaymobGateway > parseWebhookEvent > maps signed is_capture without captured_amount to processing not paid (PAYMOB-1) [9.51ms]
(pass) PaymobGateway > parseWebhookEvent > omits amount on incomplete capture webhooks (PAYMOB-1) [1.86ms]
(pass) PaymobGateway > parseWebhookEvent > does not promote order.id into Phase-7 refundId/captureId (PAYMOB-2) [5.09ms]
(pass) PaymobGateway > parseWebhookEvent > parses webhook amounts with the currency minor unit [1.31ms]
(pass) PaymobGateway > parseWebhookEvent > does not trust unsigned payment_key_claims extras for paymentId (PAYMOB-1) [1.77ms]
(pass) PaymobGateway > parseWebhookEvent > does not trust unsigned creation_extras for paymentId (PAYMOB-1) [1.46ms]
(pass) PaymobGateway > parseWebhookEvent > parses card token callbacks as setup events [1.36ms]
(pass) PaymobGateway > parseWebhookEvent > TOKEN without next_payment_intention uses signed order_id (PAYMOB-2) [0.83ms]
(pass) PaymobGateway > parseWebhookEvent > TOKEN falls back to signed token id when order_id is absent (PAYMOB-2) [0.76ms]
(pass) PaymobGateway > parseWebhookEvent > verifies and parses TOKEN callbacks with string digits for id and merchant_id [4.04ms]
(pass) PaymobGateway > parseWebhookEvent > parses redirection callbacks without treating gateway order IDs as internal IDs [1.88ms]
(pass) PaymobGateway > parseWebhookEvent > forces TRANSACTION_RESPONSE even when redirect supplies type=TRANSACTION (PAYMOB-3) [0.92ms]
(pass) PaymobGateway > parseWebhookEvent > qualifies redirect event.id so it does not collide with processed TRANSACTION (WEBHOOKS-1) [1.46ms]
(pass) PaymobGateway > parseWebhookEvent > rejects Paymob callbacks with invalid timestamps instead of using the current time [0.41ms]
(pass) PaymobGateway > parseWebhookEvent > does not default a missing webhook type to TRANSACTION fulfillment [1.42ms]
(pass) PaymobGateway > parseWebhookEvent > Phase 7 dual-write: success TRANSACTION → payment.succeeded [1.43ms]
(pass) PaymobGateway > parseWebhookEvent > Phase 7 dual-write: fail / void / refund / TOKEN stable types [3.24ms]
(pass) PaymobGateway > parseWebhookEvent > Phase 7 dual-write: signed is_refunded + unsigned amount → refund.pending incomplete (PAYMOB-3) [1.73ms]
(pass) PaymobGateway > parseWebhookEvent > Phase 7 dual-write: unsigned amount-only refund stays payment.succeeded (fail-closed) [0.97ms]
(pass) PaymobGateway > parseWebhookEvent > Phase 7 dual-write: is_auth + unsigned captured_amount stays payment.authorized [1.01ms]
(pass) PaymobGateway > parseWebhookEvent > Phase 7 dual-write: is_capture signed true without captured_amount → processing (PAYMOB-1) [0.99ms]
(pass) PaymobGateway > parseWebhookEvent > Phase 7 dual-write: failed is_refund action is payment.failed not refund.completed [0.69ms]
(pass) PaymobGateway > parseWebhookEvent > redirect callbacks ignore unsigned capture/refund amounts (PAYMOB-5 fail-closed) [1.04ms]
(pass) PaymobGateway > parseWebhookEvent > redirect void/fail/refund terminals stay processing (S20-PAYMOB-REDIR-TERM) [1.76ms]
(pass) PaymobGateway > Lifecycle Hooks > executes beforeCreatePayment hook [2.72ms]
(pass) PaymobGateway > Lifecycle Hooks > aborts void when hook returns proceed false [0.65ms]

packages/core/src/gateways/paypal/paypal.gateway.test.ts:
(skip) PayPalGateway > configuration > should reject malformed webhook IDs early
(skip) PayPalGateway > verifyWebhook > should throw InvalidRequestError directing callers to verifyWebhookAsync
(skip) PayPalGateway > verifyWebhook > should throw even when webhookId is not configured (sync path is unsupported)
(skip) PayPalGateway > verifyWebhookAsync > should throw InvalidRequestError when webhookId is not configured
(skip) PayPalGateway > verifyWebhookAsync > should return false when headers are missing
(skip) PayPalGateway > verifyWebhookAsync > should return false before calling PayPal when webhook headers exceed PayPal limits
(skip) PayPalGateway > verifyWebhookAsync > should reject non-PayPal cert URLs before calling the verify API
(skip) PayPalGateway > verifyWebhookAsync > should reject non-HTTPS PayPal cert URLs before calling the verify API
(skip) PayPalGateway > verifyWebhookAsync > should soft-accept aged transmission_time and still call PayPal verify
(skip) PayPalGateway > verifyWebhookAsync > should reject unparseable transmission_time without calling PayPal
(skip) PayPalGateway > verifyWebhookAsync > should call PayPal API and return true on SUCCESS
(skip) PayPalGateway > verifyWebhookAsync > should embed raw string webhook_event without re-serializing key order
(skip) PayPalGateway > verifyWebhookAsync > should embed Buffer payload webhook_event as original JSON text
(skip) PayPalGateway > verifyWebhookAsync > should embed raw body with trailing newline as exact untrimmed text
(skip) PayPalGateway > verifyWebhookAsync > should warn when verifying with an already-parsed object payload
(skip) PayPalGateway > verifyWebhookAsync > should return false for invalid JSON string payloads without calling PayPal
(skip) PayPalGateway > verifyWebhookAsync > should return false on FAILURE verification status
(skip) PayPalGateway > verifyWebhookAsync > should throw when PayPal verification API is unavailable
(skip) PayPalGateway > verifyWebhookAsync > should throw NetworkError when webhook verification cannot reach PayPal
(skip) PayPalGateway > parseWebhookEvent > should parse PAYMENT.CAPTURE.COMPLETED event
(skip) PayPalGateway > parseWebhookEvent > P22-PP-DISPUTE: CUSTOMER.DISPUTE.CREATED dual-writes dispute.opened (not payment.succeeded, not throw)
(skip) PayPalGateway > parseWebhookEvent > P22-PP-DISPUTE: CUSTOMER.DISPUTE.UPDATED / RESOLVED parse as dispute lifecycle dual-write
(skip) PayPalGateway > parseWebhookEvent > P22-PP-DISPUTE: OPEN dispute maps to needs_response, never paid
(skip) PayPalGateway > parseWebhookEvent > should reject unsupported unknown event types instead of mapping them to pending USD 0
(skip) PayPalGateway > parseWebhookEvent > should extract capture ID from supplementary_data
(skip) PayPalGateway > parseWebhookEvent > ORDER.COMPLETED + capture_id only (no nested captures) is not paid (PAYPAL-3)
(skip) PayPalGateway > parseWebhookEvent > should aggregate multi-capture amounts on ORDER.COMPLETED webhooks (PAYPAL-5)
(skip) PayPalGateway > parseWebhookEvent > should aggregate multi-capture amount by create_time order without single capture id (PAYPAL-1)
(skip) PayPalGateway > parseWebhookEvent > ORDER multi-capture with one REFUNDED sibling → partially_refunded, excludes refunded face (PAYPAL-2)
(skip) PayPalGateway > parseWebhookEvent > ORDER multi-capture last/related REFUNDED + one held sibling uses held capture id (PAYPAL-ID-1)
(skip) PayPalGateway > parseWebhookEvent > ORDER multi-capture two still-held siblings keeps order id (PAYPAL-ID-1)
(skip) PayPalGateway > parseWebhookEvent > CAPTURE.REFUNDED multi-capture related_ids refunded slice uses held capture (PAYPAL-ID-1)
(skip) PayPalGateway > parseWebhookEvent > ORDER multi-capture all REFUNDED → amount 0 remaining with currency (PAYPAL-5)
(skip) PayPalGateway > parseWebhookEvent > ORDER.COMPLETED under-total multi-capture → partially_captured not paid (audit PAYPAL-2)
(skip) PayPalGateway > parseWebhookEvent > should map CHECKOUT.ORDER.COMPLETED auth-only to authorized (PAYPAL-2; not approved/paid)
(skip) PayPalGateway > parseWebhookEvent > ORDER.COMPLETED matching totals without final_capture is not paid (NEW-PAYPAL-3)
(skip) PayPalGateway > parseWebhookEvent > ORDER.COMPLETED without order/auth totals is not paid (NEW-PAYPAL-6)
(skip) PayPalGateway > parseWebhookEvent > CHECKOUT.ORDER.COMPLETED bare (no captures/auth) is not paid (PAYPAL-1)
(skip) PayPalGateway > parseWebhookEvent > should use authorization resource id when AUTHORIZATION.CAPTURED has no capture id
(skip) PayPalGateway > parseWebhookEvent > should extract custom_id from purchase_units
(skip) PayPalGateway > parseWebhookEvent > should fall back to purchase unit reference_id when custom_id is not present
(skip) PayPalGateway > parseWebhookEvent > should map CHECKOUT.ORDER.APPROVED using event type and extract order amount
(skip) PayPalGateway > parseWebhookEvent > should parse CHECKOUT.PAYMENT-APPROVAL.REVERSED without resource id, status, or amount
(skip) PayPalGateway > parseWebhookEvent > should reject supported payment events that do not include amount data
(skip) PayPalGateway > parseWebhookEvent > should map PAYMENT.REFUND.COMPLETED to refund_completed not full refunded (PAYPAL-2)
(skip) PayPalGateway > parseWebhookEvent > should keep refund lifecycle webhooks distinct from payment failure state
(skip) PayPalGateway > parseWebhookEvent > should map failed refund webhooks to refund_failed
(skip) PayPalGateway > parseWebhookEvent > should not use refund custom_id as the original payment ID
(skip) PayPalGateway > parseWebhookEvent > should map capture reversal webhooks distinctly from merchant refunds
(skip) PayPalGateway > parseWebhookEvent > CAPTURE.REFUNDED refund-resource COMPLETED partial amount is not full refunded (PAYPAL-1)
(skip) PayPalGateway > parseWebhookEvent > CAPTURE.REFUNDED refund-resource COMPLETED is not type-only refund.completed (PAYPAL-DW-1)
(skip) PayPalGateway > parseWebhookEvent > should preserve partially refunded capture webhook status
(skip) PayPalGateway > parseWebhookEvent > CAPTURE.REFUNDED this-op COMPLETED with breakdown publishes remaining not face (NEW-PAYPAL-4)
(skip) PayPalGateway > parseWebhookEvent > CAPTURE.REFUNDED this-op COMPLETED without remaining-held omits face (NEW-PAYPAL-4)
(skip) PayPalGateway > parseWebhookEvent > CAPTURE.REFUNDED order-shaped COMPLETED does not publish order face (NEW-PAYPAL-4)
(skip) PayPalGateway > parseWebhookEvent > CAPTURE.REVERSED this-op COMPLETED publishes 0 remaining not face (NEW-PAYPAL-4)
(skip) PayPalGateway > parseWebhookEvent > CAPTURE.REFUNDED fully refunded publishes 0 remaining not face (audit PAYPAL-2)
(skip) PayPalGateway > parseWebhookEvent > CAPTURE.REFUNDED partial with breakdown publishes net remaining (audit PAYPAL-2)
(skip) PayPalGateway > parseWebhookEvent > CAPTURE.REFUNDED remaining held is exact on bigint minors (PAYPAL-2 float trap)
(skip) PayPalGateway > parseWebhookEvent > CAPTURE.REFUNDED face equals total_refunded → exact zero remaining omit path (PAYPAL-2)
(skip) PayPalGateway > parseWebhookEvent > CAPTURE.REFUNDED KWD 3-decimal remaining held is honest (PAYPAL-2)
(skip) PayPalGateway > parseWebhookEvent > ORDER multi-capture REFUNDED + PENDING sibling → partially_refunded (PAYPAL-3)
(skip) PayPalGateway > parseWebhookEvent > should throw error for invalid payload (missing id)
(skip) PayPalGateway > parseWebhookEvent > should throw error for invalid payload (missing event_type)
(skip) PayPalGateway > parseWebhookEvent > should throw error for invalid payload (missing resource)
(skip) PayPalGateway > parseWebhookEvent > should throw error for non-object payload
(skip) PayPalGateway > parseWebhookEvent > should parse string and Buffer JSON payloads
(skip) PayPalGateway > parseWebhookEvent > Phase 7 dual-write: PAYMENT.CAPTURE.COMPLETED → capture.completed (not payment.succeeded)
(skip) PayPalGateway > parseWebhookEvent > payloadHash is compact identity not full raw tree (NEW-PERF-1)
(skip) PayPalGateway > parseWebhookEvent > Phase 7 dual-write: AUTHORIZATION.PARTIALLY_CAPTURED → payment.processing (not capture.completed)
(skip) PayPalGateway > parseWebhookEvent > PAYMENT.CAPTURE.COMPLETED with final_capture false → partially_captured (PAYPAL-3)
(skip) PayPalGateway > parseWebhookEvent > PAYMENT.CAPTURE.COMPLETED with final_capture true stays paid
(skip) PayPalGateway > parseWebhookEvent > PAYMENT.CAPTURE.COMPLETED without final_capture is not paid (NEW-PAYPAL-3)
(skip) PayPalGateway > parseWebhookEvent > Phase 7 dual-write: refund events → refund.*
(skip) PayPalGateway > Status Mapping > should map order status 'CREATED' to 'pending'
(skip) PayPalGateway > Status Mapping > should map order status 'SAVED' to 'pending'
(skip) PayPalGateway > Status Mapping > should map order status 'APPROVED' to 'approved'
(skip) PayPalGateway > Status Mapping > should map order status 'VOIDED' to 'cancelled'
(skip) PayPalGateway > Status Mapping > should map order status 'COMPLETED' to 'paid'
(skip) PayPalGateway > Status Mapping > should map order status 'PAYER_ACTION_REQUIRED' to 'pending'
(skip) PayPalGateway > Status Mapping > should map order status 'UNKNOWN_STATUS' to 'pending'
(skip) PayPalGateway > Status Mapping > should warn when mapping an unknown order status
(skip) PayPalGateway > Status Mapping > should map resource status 'CREATED' to 'authorized'
(skip) PayPalGateway > Status Mapping > should map resource status 'COMPLETED' to 'paid'
(skip) PayPalGateway > Status Mapping > should map resource status 'CAPTURED' to 'paid'
(skip) PayPalGateway > Status Mapping > should map resource status 'PARTIALLY_CAPTURED' to 'partially_captured'
(skip) PayPalGateway > Status Mapping > should map resource status 'DENIED' to 'failed'
(skip) PayPalGateway > Status Mapping > should map resource status 'DECLINED' to 'failed'
(skip) PayPalGateway > Status Mapping > should map resource status 'PARTIALLY_REFUNDED' to 'partially_refunded'
(skip) PayPalGateway > Status Mapping > should map resource status 'PENDING' to 'pending'
(skip) PayPalGateway > Status Mapping > should map resource status 'REFUNDED' to 'refunded'
(skip) PayPalGateway > Status Mapping > should map resource status 'REVERSED' to 'reversed'
(skip) PayPalGateway > Status Mapping > should map resource status 'FAILED' to 'failed'
(skip) PayPalGateway > Status Mapping > should map resource status 'VOIDED' to 'cancelled'
(skip) PayPalGateway > Status Mapping > should map resource status 'EXPIRED' to 'cancelled'
(skip) PayPalGateway > Status Mapping > should map resource status 'UNKNOWN' to 'pending'
(skip) PayPalGateway > Status Mapping > should warn when mapping an unknown resource status
(skip) PayPalGateway > Status Mapping > should map unknown terminal-looking resource statuses to failed (fail-closed)
(skip) PayPalGateway > Error Mapping > should map CARD_EXPIRED to CardDeclinedError
(skip) PayPalGateway > Error Mapping > should map INSTRUMENT_DECLINED to CardDeclinedError
(skip) PayPalGateway > createPayment > should create order with correct request body
(skip) PayPalGateway > createPayment > should use returnUrl and cancelUrl when provided
(skip) PayPalGateway > createPayment > should allow returnUrl-only create and use returnUrl for both return_url and cancel_url
(skip) PayPalGateway > createPayment > should reject SET_PROVIDED_ADDRESS until shipping address params are supported
(skip) PayPalGateway > createPayment > should include PayPal-Request-Id header for idempotency
(skip) PayPalGateway > createPayment > trims idempotencyKey before sending PayPal-Request-Id (PAYPAL-IDEM-1)
(skip) PayPalGateway > createPayment > omitted idempotencyKey still sends minted PayPal-Request-Id (PAYPAL-IDEM-1)
(skip) PayPalGateway > createPayment > should use payer-action approval links returned by current PayPal APIs
(skip) PayPalGateway > createPayment > create HTTP 200 missing approval link is indeterminate, not a clean API throw
(skip) PayPalGateway > createPayment > create HTTP 200 missing id is indeterminate, not a clean API throw
(skip) PayPalGateway > createPayment > create HTTP 200 empty body is indeterminate, not a clean API throw
(skip) PayPalGateway > createPayment > create HTTP 200 empty or non-JSON body is indeterminate, not invented {} (S20-PAYPAL-JSON)
(skip) PayPalGateway > createPayment > should create AUTHORIZE-intent orders when capture is false
(skip) PayPalGateway > createPayment > should format zero-decimal PayPal currencies without cents
(skip) PayPalGateway > createPayment > should reject fractional amounts for zero-decimal PayPal currencies
(skip) PayPalGateway > createPayment > should accept Money amount input for createPayment
(skip) PayPalGateway > createPayment > should reject non-string PayPal custom IDs before calling PayPal
(skip) PayPalGateway > createPayment > should reject descriptions longer than PayPal supports before calling PayPal
(skip) PayPalGateway > createPayment > should reject orderIds longer than PayPal reference_id supports before calling PayPal
(skip) PayPalGateway > createPayment > should reject PayPal request IDs longer than PayPal supports
(skip) PayPalGateway > createPayment > should throw GatewayApiError on API failure
(skip) PayPalGateway > createPayment > should not retry non-retryable PayPal 4xx errors
(skip) PayPalGateway > createPayment > should retry PayPal resource conflicts when the previous request is still in progress
(skip) PayPalGateway > createPayment > should include detailed error message from details array
(skip) PayPalGateway > createPayment > should return InvalidRequestError when PayPal sends a non-JSON 4xx body
(skip) PayPalGateway > capturePayment > S19-EPHEMERAL-KEY: capturePayment requires caller idempotencyKey before POST
(skip) PayPalGateway > capturePayment > should capture order and return capture ID
(skip) PayPalGateway > capturePayment > order capture HTTP 200 COMPLETED without final_capture is not paid (NEW-PAYPAL-7)
(skip) PayPalGateway > capturePayment > order capture HTTP 200 COMPLETED with final_capture true is paid
(skip) PayPalGateway > capturePayment > should return success true with pending status for pending captures and warn
(skip) PayPalGateway > capturePayment > should set success false when capture maps to failed
(skip) PayPalGateway > capturePayment > should reject successful order captures without capture details
(skip) PayPalGateway > capturePayment > should include PayPal-Request-Id header when capturing orders
(skip) PayPalGateway > capturePayment > should capture PayPal authorizations when requested
(skip) PayPalGateway > capturePayment > should default partial authorization captures to final_capture false
(skip) PayPalGateway > capturePayment > should allow final_capture true on partial amount when paypalFinalCapture is true
(skip) PayPalGateway > capturePayment > should reject amount on order captures because PayPal only supports partial authorization captures
(skip) PayPalGateway > capturePayment > should mark full authorization captures as final by default
(skip) PayPalGateway > capturePayment > should allow non-final authorization captures when explicitly requested
(skip) PayPalGateway > capturePayment > S19-EPHEMERAL-KEY: authorizePayment requires caller idempotencyKey before POST
(skip) PayPalGateway > capturePayment > should authorize an approved AUTHORIZE-intent order and return authorization ID
(skip) PayPalGateway > capturePayment > should set success false when authorize maps to failed
(skip) PayPalGateway > capturePayment > should reject successful authorize responses without authorization details
(skip) PayPalGateway > capturePayment > should reject capture-only fields on authorizePayment before calling PayPal
(skip) PayPalGateway > capturePayment > should map partially captured authorizations distinctly
(skip) PayPalGateway > refundPayment > S19-EPHEMERAL-KEY: refundPayment requires caller idempotencyKey before POST
(skip) PayPalGateway > refundPayment > should throw error when currency is missing for partial refund
(skip) PayPalGateway > refundPayment > should reject refund reasons longer than PayPal note_to_payer supports
(skip) PayPalGateway > refundPayment > should refund successfully with currency
(skip) PayPalGateway > refundPayment > omits totalRefunded when only this-op amount is known (PAYPAL-2 fail-closed)
(skip) PayPalGateway > refundPayment > maps cumulative totalRefunded from seller_payable_breakdown (PAYPAL-2)
(skip) PayPalGateway > refundPayment > maps cumulative totalRefunded from capture GET when refund body omits breakdown (PAYPAL-2)
(skip) PayPalGateway > refundPayment > refund HTTP 200 missing id is indeterminate, not a clean API throw
(skip) PayPalGateway > refundPayment > refund HTTP 200 empty body is indeterminate, not a clean API throw
(skip) PayPalGateway > refundPayment > refund HTTP 200 empty or non-JSON body is indeterminate, not invented {} (S20-PAYPAL-JSON)
(skip) PayPalGateway > refundPayment > should map failed refund statuses to failed with success false
(skip) PayPalGateway > refundPayment > S20-PAYPAL-REFUND-UNKNOWN: HTTP 200 unknown refund status is pending, never failed
(skip) PayPalGateway > refundPayment > should clarify that refunds need a capture ID when the resource is not found
(skip) PayPalGateway > refundPayment > should refund full amount without currency
(skip) PayPalGateway > refundPayment > should allow longer Payments v2 idempotency keys for refunds
(skip) PayPalGateway > voidPayment > S19-EPHEMERAL-KEY: voidPayment requires caller idempotencyKey before POST
(skip) PayPalGateway > voidPayment > should void an authorized payment successfully (204 response)
(skip) PayPalGateway > voidPayment > should call correct void endpoint
(skip) PayPalGateway > voidPayment > should throw InvalidRequestError when void fails business validation
(skip) PayPalGateway > Token Caching > should cache access token and reuse it
(skip) PayPalGateway > Token Caching > should refresh the cached token once when PayPal returns 401
(skip) PayPalGateway > Token Caching > should reject malformed access token responses without expires_in
(skip) PayPalGateway > Token Caching > should compare tokenExpiry against clock.nowMs() not wall Date (P610-CLK-1)
(skip) PayPalGateway > Lifecycle Hooks > should execute beforeCreatePayment hook
(skip) PayPalGateway > Lifecycle Hooks > should abort payment when hook returns proceed: false
(skip) PayPalGateway > Lifecycle Hooks > should execute PayPal authorizePayment hooks separately from capture hooks
(skip) PayPalGateway > getPayment > should retrieve order details
(skip) PayPalGateway > getPayment > GET HTTP 200 empty or non-JSON throws GatewayApiError without inventing {} (S20-PAYPAL-JSON)
(skip) PayPalGateway > getPayment > APPROVED order (pre-capture) is not isPaidOutcome / not succeeded
(skip) PayPalGateway > getPayment > COMPLETED capture order is isPaidOutcome true
(skip) PayPalGateway > getPayment > should retry transient getPayment failures
(skip) PayPalGateway > getPayment > should run global hooks for getPayment
(skip) PayPalGateway > getPayment > should omit captureId on multi-capture and aggregate held amounts (PAYPAL-1)
(skip) PayPalGateway > getPayment > multi-capture with REFUNDED sibling is not false paid; amounts exclude refunded face (PAYPAL-2)
(skip) PayPalGateway > getPayment > multi-capture all REFUNDED → refunded with zero held amount (PAYPAL-2)
(skip) PayPalGateway > getPayment > PARTIALLY_REFUNDED capture alone does not report face amount as held (PAYPAL-2 fail-closed)
(skip) PayPalGateway > getPayment > should not prefer COMPLETED capture over PARTIALLY_CAPTURED authorization (PAYPAL-2)
(skip) PayPalGateway > getPayment > getPayment matching totals without final_capture is not paid (NEW-PAYPAL-3)
(skip) PayPalGateway > getPayment > should map multi-capture under order total to partially_captured
(skip) PayPalGateway > getPayment > should retrieve capture details when gatewayPaymentId is a PayPal capture ID
(skip) PayPalGateway > getPayment > capture GET after PARTIALLY_REFUNDED omits face amount without net remaining (PAYPAL-3)
(skip) PayPalGateway > getPayment > capture GET after PARTIALLY_REFUNDED publishes net remaining when breakdown present (PAYPAL-3)
(skip) PayPalGateway > getPayment > capture GET remaining held uses bigint minors not float subtract (PAYPAL-2)
(skip) PayPalGateway > getPayment > capture GET face equals total_refunded → remainingMinor 0n omits held (PAYPAL-2)
(skip) PayPalGateway > getPayment > multi-capture REFUNDED + PENDING sibling is partially_refunded not refunded (PAYPAL-3)
(skip) PayPalGateway > getPayment > capture GET after REFUNDED omits face amount (PAYPAL-3)
(skip) PayPalGateway > getPayment > capture GET after REVERSED omits face amount (audit PAYPAL-1)
(skip) PayPalGateway > getPayment > getPayment by capture ID missing final_capture is not paid (NEW-PAYPAL-3)
(skip) PayPalGateway > getPayment > getPayment by capture ID with final_capture false → partially_captured not paid (PAYPAL-1 audit)
(skip) PayPalGateway > getPayment > should retrieve authorization details when gatewayPaymentId is a PayPal authorization ID
(skip) PayPalGateway > getPayment > authorization GET omits related_ids.capture_id when siblings cannot be proven (NEW-PAYPAL-5)
(skip) PayPalGateway > getPayment > getPayment ORDER.COMPLETED without totals is not paid (NEW-PAYPAL-6)
(skip) PayPalGateway > getPayment > bare COMPLETED order without captures is not isPaidOutcome (PAYPAL-1)
(skip) PayPalGateway > getPayment > getPaymentStatus > bare COMPLETED order without captures is not paid (PAYPAL-1)
(skip) PayPalGateway > getPayment > getPaymentStatus > should return status for capture IDs returned as capturePayment gatewayId
(skip) PayPalGateway > Abort and timeout (P610-ABT-4) > should time out while reading a hanging PayPal response body
(skip) PayPalGateway > Abort and timeout (P610-ABT-4) > should thread caller AbortSignal into token acquisition

packages/core/src/gateways/stripe/stripe.customers.test.ts:
(skip) StripeGateway customers and payment methods > createCustomer POSTs /v1/customers and returns a succeeded snapshot
(skip) StripeGateway customers and payment methods > createCustomer requires a caller idempotencyKey before POST
(skip) StripeGateway customers and payment methods > createCustomer HTTP 200 without id is indeterminate
(skip) StripeGateway customers and payment methods > createCustomer empty HTTP 200 is indeterminate, not a throw
(skip) StripeGateway customers and payment methods > getCustomer GETs /v1/customers/:id
(skip) StripeGateway customers and payment methods > getCustomer maps deleted customers
(skip) StripeGateway customers and payment methods > getCustomer rejects malformed ids before fetch
(skip) StripeGateway customers and payment methods > P22-GET-FLAG-2: GET 200 customer body without id is not afterProviderSubmit
(skip) StripeGateway customers and payment methods > getCustomer 404 is a failed outcome, not a throw
(skip) StripeGateway customers and payment methods > attachPaymentMethod POSTs /v1/payment_methods/:id/attach
(skip) StripeGateway customers and payment methods > attachPaymentMethod converts tok_ into a PaymentMethod then attaches it
(skip) StripeGateway customers and payment methods > attachPaymentMethod with a pm_ token attaches directly
(skip) StripeGateway customers and payment methods > P22R3-ATTACH-XOR: paymentMethodId and token that differ do not fetch
(skip) StripeGateway customers and payment methods > P22R3-IDEM-TRUNC: 255-char keys that differ only in the tail produce different step keys
(skip) StripeGateway customers and payment methods > attachPaymentMethod rejects unknown token prefixes before fetch
(skip) StripeGateway customers and payment methods > attachPaymentMethod tok_ create without id is indeterminate and skips attach
(skip) StripeGateway customers and payment methods > listPaymentMethods GETs /v1/customers/:id/payment_methods
(skip) StripeGateway customers and payment methods > P22-LIST-TRUNC: listPaymentMethods pages while has_more is true
(skip) StripeGateway customers and payment methods > P22R3-LIST-PM-CAP: listPaymentMethods throws NetworkError after 20 pages if has_more
(skip) StripeGateway customers and payment methods > P22R3-LIST-404: listPaymentMethods 404 is failed
(skip) StripeGateway customers and payment methods > P22R3-LAST4: last4 is published only when it is 2-4 digits
(skip) StripeGateway customers and payment methods > detachPaymentMethod POSTs /v1/payment_methods/:id/detach
(skip) StripeGateway customers and payment methods > P22-EMPTY-CUS: detach without customerId does not publish empty customerId
(skip) StripeGateway customers and payment methods > P22-OFFSESSION-CUS: off-session without customer does not fetch
(skip) StripeGateway customers and payment methods > createPayment maps customerId and paymentMethodId onto the PaymentIntent
(skip) StripeGateway customers and payment methods > createPayment rejects conflicting customerId and stripeCustomerId
(skip) StripeGateway customers and payment methods > PaymentClient createCustomer reaches Stripe HTTP

packages/core/src/gateways/stripe/stripe.disputes.test.ts:
(pass) StripeGateway disputes > getDispute GETs /v1/disputes/:id and maps deadline + dashboard URL [5.33ms]
(pass) StripeGateway disputes > getDispute maps warning_needs_response to warning_needs_response [0.91ms]
(pass) StripeGateway disputes > getDispute maps prevented to warning_closed [0.31ms]
(pass) StripeGateway disputes > P22R3-DSP-INVENT: GET body without status is not needs_response [0.74ms]
(pass) StripeGateway disputes > P22-GET-FLAG-2: GET 200 dispute body without id is not afterProviderSubmit [1.84ms]
(pass) StripeGateway disputes > listDisputes requires a pi_ or ch_ bound [1.84ms]
(pass) StripeGateway disputes > listDisputes binds pi_abc as payment_intent=pi_abc [1.19ms]
(pass) StripeGateway disputes > listDisputes binds ch_abc as charge=ch_abc [0.31ms]
(pass) StripeGateway disputes > P22R3-LIST-DSP: listDisputes pages while has_more is true [1.35ms]
(pass) StripeGateway disputes > P22R3-LIST-DSP: has_more without a last id throws NetworkError [0.97ms]
(pass) StripeGateway disputes > P22R3-LIST-404: listDisputes 404 is failed [0.89ms]
(pass) StripeGateway disputes > submitDisputeEvidence requires a caller idempotencyKey [1.39ms]
(pass) StripeGateway disputes > submitDisputeEvidence POSTs common fields and stripeEvidence [1.55ms]
(pass) StripeGateway disputes > P22R3-EVIDENCE-EMPTY: empty evidence {} does not fetch [0.82ms]
(pass) StripeGateway disputes > rejects malformed dispute ids before fetch [0.59ms]

packages/core/src/gateways/stripe/stripe.gateway.test.ts:
(skip) StripeGateway > verifyWebhook > should return true for valid signature
(skip) StripeGateway > verifyWebhook > should fail for invalid signature
(skip) StripeGateway > verifyWebhook > should fail for old timestamp
(skip) StripeGateway > verifyWebhook > should reject aged timestamps older than 300 seconds
(skip) StripeGateway > verifyWebhook > should reject far-future timestamps outside bidirectional 300s tolerance (STRIPE-4)
(skip) StripeGateway > verifyWebhook > should accept near-future timestamps within bidirectional 300s tolerance
(skip) StripeGateway > verifyWebhook > should throw InvalidRequestError when webhook secret is missing (I10)
(skip) StripeGateway > verifyWebhook > should accept any matching v1 signature in the header
(skip) StripeGateway > verifyWebhook > should read stripe-signature headers case-insensitively
(skip) StripeGateway > verifyWebhook > should reject parsed objects because raw body is required
(skip) StripeGateway > verifyWebhook > should verify Buffer payloads using the exact raw bytes
(skip) StripeGateway > parseWebhookEvent > should parse payment_intent.succeeded event
(skip) StripeGateway > parseWebhookEvent > should not reject Stripe webhook API versions unless explicitly configured
(skip) StripeGateway > parseWebhookEvent > should allow configured Stripe webhook API versions
(skip) StripeGateway > parseWebhookEvent > should reject Stripe webhooks that mismatch an explicit webhook API version
(skip) StripeGateway > parseWebhookEvent > should parse raw Buffer payloads
(skip) StripeGateway > parseWebhookEvent > should parse checkout.session.completed event
(skip) StripeGateway > parseWebhookEvent > STRIPE-CKO-1: hydrated checkout.session.completed after refund is not paid
(skip) StripeGateway > parseWebhookEvent > STRIPE-CKO-1: hydrated checkout.session.completed partial refund is not paid
(skip) StripeGateway > parseWebhookEvent > STRIPE-CKO-1: hydrated checkout.session.completed with charges.data refund is not paid
(skip) StripeGateway > parseWebhookEvent > S19-CKO-AMOUNT: hydrated checkout.session.completed publishes amount_received not amount_total
(skip) StripeGateway > parseWebhookEvent > S19-CKO-UNEXPANDED: classic string payment_intent is processing not paid
(skip) StripeGateway > parseWebhookEvent > STRIPE-CKO-1: hydrated checkout.session.completed without charge snapshot is processing
(skip) StripeGateway > parseWebhookEvent > STRIPE-CKO-1: async_payment_succeeded after refund is not paid
(skip) StripeGateway > parseWebhookEvent > should parse setup checkout completion as setup_completed
(skip) StripeGateway > parseWebhookEvent > should use SetupIntent ID for setup checkout completion when Stripe includes it
(skip) StripeGateway > parseWebhookEvent > should mark payment-mode no_payment_required complete as paid (not setup_completed)
(skip) StripeGateway > parseWebhookEvent > payment-mode no_payment_required with unset amount_total stays paid
(skip) StripeGateway > parseWebhookEvent > payment-mode no_payment_required with amount_total > 0 must not invent paid
(skip) StripeGateway > parseWebhookEvent > STRIPE-2: subscription-mode no_payment_required must not complete as paid
(skip) StripeGateway > parseWebhookEvent > STRIPE-3: no_payment_required with missing mode fails closed to pending (not paid)
(skip) StripeGateway > parseWebhookEvent > should use Subscription ID for subscription checkout completion
(skip) StripeGateway > parseWebhookEvent > should prefer Subscription ID over PaymentIntent when both are present on subscription checkout
(skip) StripeGateway > parseWebhookEvent > should parse JPY webhook amounts without dividing by 100
(skip) StripeGateway > parseWebhookEvent > STRIPE-2: omits amount on checkout.session when currency is missing (no usd default)
(skip) StripeGateway > parseWebhookEvent > STRIPE-2: omits amount on invoice when currency is missing (no usd default)
(skip) StripeGateway > parseWebhookEvent > should use related PaymentIntent for charge refund events
(skip) StripeGateway > parseWebhookEvent > should mark charge.refunded partial refunds as partially_refunded
(skip) StripeGateway > parseWebhookEvent > should treat charge.refunded===true as full refund and use amount_refunded for amount
(skip) StripeGateway > parseWebhookEvent > should fail closed on charge.refunded when amount_refunded is 0 (not partially_refunded)
(skip) StripeGateway > parseWebhookEvent > should compare charge.refunded amount_refunded to amount_captured when present
(skip) StripeGateway > parseWebhookEvent > should use related PaymentIntent for legacy refund update events
(skip) StripeGateway > parseWebhookEvent > should not guess full or partial refund status without expanded charge totals
(skip) StripeGateway > parseWebhookEvent > should mark refund.created succeeded as completed when aggregate payment state is unknown
(skip) StripeGateway > parseWebhookEvent > should mark refund events as fully refunded when expanded charge totals prove it
(skip) StripeGateway > parseWebhookEvent > should use amount_captured as refund completeness base on expanded charge
(skip) StripeGateway > parseWebhookEvent > should treat expanded charge.refunded===true as full refund on refund webhooks
(skip) StripeGateway > parseWebhookEvent > STRIPE-1: refund.* with expanded charge amount_refunded===0 is fail-closed (not partially_refunded)
(skip) StripeGateway > parseWebhookEvent > STRIPE-1: refund.failed maps to refund_failed not payment status
(skip) StripeGateway > parseWebhookEvent > STRIPE-1: refund.updated canceled maps to refund_failed not payment status
(skip) StripeGateway > parseWebhookEvent > STRIPE-1: in-flight refund.updated maps to refund_pending not payment status
(skip) StripeGateway > parseWebhookEvent > STRIPE-3: refund.* proven aggregate status publishes amount_refunded not per-refund face
(skip) StripeGateway > parseWebhookEvent > should normalize paid subscription invoice events
(skip) StripeGateway > parseWebhookEvent > should resolve invoice gatewayPaymentId from top-level subscription when payment_intent is absent
(skip) StripeGateway > parseWebhookEvent > should prefer payment_intent for invoice.paid and keep subscription as gatewaySubscriptionId
(skip) StripeGateway > parseWebhookEvent > should use payments.data default payment_intent when subscription fields are absent
(skip) StripeGateway > parseWebhookEvent > NEW-STRIPE-INV-1: invoice.paid with post-payment credit notes is not full paid
(skip) StripeGateway > parseWebhookEvent > NEW-STRIPE-INV-1: invoice.paid amount does not use amount_due as collected
(skip) StripeGateway > parseWebhookEvent > NEW-STRIPE-INV-1: invoice.paid void/uncollectible object status is not paid
(skip) StripeGateway > parseWebhookEvent > NEW-STRIPE-SETUP-1: setup_intent.succeeded status is setup_completed
(skip) StripeGateway > parseWebhookEvent > should prefer amount_received for succeeded PaymentIntent webhooks
(skip) StripeGateway > parseWebhookEvent > should mark payment_intent.succeeded partial captures as partially_captured
(skip) StripeGateway > parseWebhookEvent > STRIPE-3: incomplete settled (no amount_received) dual-write is payment.processing not payment.succeeded
(skip) StripeGateway > parseWebhookEvent > should use amount_captured fallback when amount_received is missing
(skip) StripeGateway > parseWebhookEvent > should treat amount_captured equal to amount as paid when amount_received missing
(skip) StripeGateway > parseWebhookEvent > STRIPE-2: payment_intent.succeeded with amount_refunded is not paid
(skip) StripeGateway > parseWebhookEvent > STRIPE-2: payment_intent.succeeded with partial amount_refunded is partially_refunded
(skip) StripeGateway > parseWebhookEvent > STRIPE-2: payment_intent.succeeded with string latest_charge + amount_received is paid
(skip) StripeGateway > parseWebhookEvent > STRIPE-2: payment_intent.succeeded with id-only latest_charge object + amount_received is paid
(skip) StripeGateway > parseWebhookEvent > STRIPE-2: unexpanded latest_charge without amount_received stays processing
(skip) StripeGateway > parseWebhookEvent > STRIPE-CHG-1: payment_intent.succeeded omitted latest_charge + charges.data amount_refunded is not paid
(skip) StripeGateway > parseWebhookEvent > S19-STRIPE-LATE-REFUND: payment_intent.succeeded after charge.refunded is not paid when charges.data proves refunds
(skip) StripeGateway > parseWebhookEvent > STRIPE-CHG-1: unexpanded latest_charge still uses observable charges.data refunds
(skip) StripeGateway > parseWebhookEvent > STRIPE-CHG-1: hydrated checkout string latest_charge rematches charges.data refund
(skip) StripeGateway > parseWebhookEvent > NEW-STRIPE-2: hydrated checkout.session.completed with id-only latest_charge is processing
(skip) StripeGateway > parseWebhookEvent > S19-STRIPE-DISPUTE: charge.dispute.created does not map a paid envelope to pending
(skip) StripeGateway > parseWebhookEvent > P22R3-PLINK-WH: payment_link.updated is not pending and not a paid payment
(skip) StripeGateway > parseWebhookEvent > S19-STRIPE-DISPUTE: charge.dispute.closed lost is not pending
(skip) StripeGateway > parseWebhookEvent > should omit currency when Stripe omits it on the webhook object
(skip) StripeGateway > parseWebhookEvent > should normalize failed invoice payment events
(skip) StripeGateway > parseWebhookEvent > should normalize subscription lifecycle events
(skip) StripeGateway > parseWebhookEvent > should map unpaid subscription status to pending (not cancelled)
(skip) StripeGateway > parseWebhookEvent > should map trialing subscription status to pending (not paid)
(skip) StripeGateway > parseWebhookEvent > should map active subscription status to processing not paid (STRIPE-1)
(skip) StripeGateway > parseWebhookEvent > should map incomplete_expired subscription status to cancelled
(skip) StripeGateway > parseWebhookEvent > should leave unhandled non-payment_intent events pending even for foreign statuses like active
(skip) StripeGateway > parseWebhookEvent > should reject non-snapshot webhook payloads with a clear error
(skip) StripeGateway > parseWebhookEvent > Phase 7 dual-write: payment_intent.succeeded → payment.succeeded
(skip) StripeGateway > parseWebhookEvent > Phase 7 dual-write: failed / cancelled / refunded stable types
(skip) StripeGateway > parseWebhookEvent > Phase 7 dual-write: invoice events stay provider.unmapped
(skip) StripeGateway > createPayment > should create payment intent
(skip) StripeGateway > createPayment > should create JPY payment intent without multiplying by 100
(skip) StripeGateway > createPayment > should reject unknown currency codes like JYP (not default exponent 2)
(skip) StripeGateway > createPayment > keeps Stripe-specific exponent tables for MGA
(skip) StripeGateway > createPayment > keeps Stripe-specific exponent tables for ISK
(skip) StripeGateway > createPayment > keeps Stripe-specific exponent tables for UGX
(skip) StripeGateway > createPayment > should create three-decimal currency payment intents in minor units
(skip) StripeGateway > createPayment > should reject three-decimal currency amounts not divisible by 10 in minor units
(skip) StripeGateway > createPayment > should confirm payment if method ID provided
(skip) StripeGateway > createPayment > should disable redirect payment methods when confirming without callbackUrl
(skip) StripeGateway > createPayment > should create payment with manual capture when capture is false
(skip) StripeGateway > createPayment > should not force automatic capture when capture is true/defaulted
(skip) StripeGateway > createPayment > should reject metadata objects because Stripe metadata is scalar strings
(skip) StripeGateway > createPayment > should reject amounts with too many decimals
(skip) StripeGateway > createPayment > should accept Money amount input for createPayment
(skip) StripeGateway > createPayment > should leave settlement-dependent minimum amount validation to Stripe
(skip) StripeGateway > createPayment > should reject charges above the currency-specific Stripe maximum
(skip) StripeGateway > createPayment > should allow higher Stripe maximums for currencies that support them
(skip) StripeGateway > createPayment > should reject JPY charges above the 12-digit card maximum
(skip) StripeGateway > createPayment > should accept valid decimal amounts affected by floating point representation
(skip) StripeGateway > createPayment > STRIPE-1: createPayment publishes currency with major-unit amount
(skip) StripeGateway > createPayment > should fail closed on createPayment when PI succeeded but settled amount missing
(skip) StripeGateway > createPayment > NEW-STRIPE-3: empty HTTP 200 on create is indeterminate, not failed/pending
(skip) StripeGateway > createPayment > NEW-STRIPE-3: HTTP 200 {} on create is indeterminate, not failed/pending
(skip) StripeGateway > createPayment > NEW-STRIPE-3: create HTTP 200 with id but no status is indeterminate, not failed
(skip) StripeGateway > createPayment > NEW-STRIPE-3: non-JSON HTTP 200 on create is indeterminate, not failed
(skip) StripeGateway > createPayment > should mark createPayment paid when succeeded with amount_received
(skip) StripeGateway > createPayment > should reject Stripe metadata keys that exceed Stripe limits
(skip) StripeGateway > createPayment > should reject Stripe metadata keys with square brackets
(skip) StripeGateway > createPayment > should revalidate params modified by hooks before sending to Stripe
(skip) StripeGateway > capturePayment > should capture payment intent
(skip) StripeGateway > capturePayment > should mark partial capturePayment as partially_captured
(skip) StripeGateway > capturePayment > should fail closed when capture response omits amount_received and amount_captured
(skip) StripeGateway > capturePayment > NEW-STRIPE-3: capture HTTP 200 with id but no status is indeterminate, not failed
(skip) StripeGateway > capturePayment > should use amount_captured for capture status/amount when amount_received missing
(skip) StripeGateway > capturePayment > should capture JPY partial amount without multiplying by 100
(skip) StripeGateway > capturePayment > should leave capturable amount limits to Stripe for partial captures
(skip) StripeGateway > capturePayment > should reject partial capture without currency
(skip) StripeGateway > capturePayment > STRIPE-1: rejects partial capture when caller currency mismatches PaymentIntent
(skip) StripeGateway > capturePayment > STRIPE-1: partial capture converts majors with PaymentIntent currency scale
(skip) StripeGateway > capturePayment > should reject malformed PaymentIntent IDs before building request URLs
(skip) StripeGateway > capturePayment > S19-EPHEMERAL-KEY: capturePayment requires caller idempotencyKey before POST
(skip) StripeGateway > voidPayment > should cancel payment intent
(skip) StripeGateway > voidPayment > NEW-STRIPE-VOID-1: HTTP 200 {id} without status is not declined
(skip) StripeGateway > voidPayment > S19-EPHEMERAL-KEY: voidPayment requires caller idempotencyKey before POST
(skip) StripeGateway > createCheckoutSession > should create checkout session with simple amount
(skip) StripeGateway > createCheckoutSession > P22-CKO-CREATE-AMOUNT: HTTP 200 with amount_total and currency publishes major amount
(skip) StripeGateway > createCheckoutSession > P22-CKO-CREATE-PI: HTTP 200 maps payment_intent onto relatedIds.paymentIntentId
(skip) StripeGateway > createCheckoutSession > P22-CKO-CREATE-AMOUNT: amount_total without currency omits amount
(skip) StripeGateway > createCheckoutSession > NEW-STRIPE-CKO-200 / S19-CKO-TIMEOUT: empty HTTP 200 on createCheckoutSession is checkout-shaped indeterminate, not success:true
(skip) StripeGateway > createCheckoutSession > NEW-STRIPE-CKO-200 / S19-CKO-TIMEOUT: HTTP 200 {} on createCheckoutSession is checkout-shaped indeterminate, not success:true
(skip) StripeGateway > createCheckoutSession > NEW-STRIPE-CKO-URL: createCheckoutSession null url is not a string url
(skip) StripeGateway > createCheckoutSession > P22R3-URL-SCHEME: javascript: session url is omitted
(skip) StripeGateway > createCheckoutSession > should accept Money amount input for simple createCheckoutSession
(skip) StripeGateway > createCheckoutSession > should create checkout session with JPY simple amount without multiplying by 100
(skip) StripeGateway > createCheckoutSession > payment-mode createCheckoutSession without cancelUrl is rejected before fetch
(skip) StripeGateway > createCheckoutSession > should create checkout session with line items and customer email
(skip) StripeGateway > createCheckoutSession > should reject checkout sessions that include both customerId and customerEmail
(skip) StripeGateway > createCheckoutSession > S19-EPHEMERAL-KEY: createCheckoutSession requires caller idempotencyKey
(skip) StripeGateway > createCheckoutSession > should reject whitespace-only idempotencyKey at validation
(skip) StripeGateway > createCheckoutSession > S19-CKO-TIMEOUT: mutating checkout POST timeout is not a retryable failed-create
(skip) StripeGateway > should create checkout session in subscription mode
(skip) StripeGateway > should create checkout session in setup mode (no line items)
(skip) StripeGateway > should create checkout session with base-unit priceData amount
(skip) StripeGateway > should accept Money priceData.amount for checkout line items
(skip) StripeGateway > should reject Money priceData.amount when currency mismatches priceData.currency
(skip) StripeGateway > should enforce charge limits on major-unit priceData.amount path
(skip) StripeGateway > should propagate checkout metadata to the PaymentIntent data
(skip) StripeGateway > should stringify scalar checkout metadata values consistently
(skip) StripeGateway > should reject setup checkout without currency or payment method types
(skip) StripeGateway > should reject payment checkout without line items or simple amount
(skip) StripeGateway > should reject checkout line item without price or priceData
(skip) StripeGateway > should reject checkout line item with both price and priceData
(skip) StripeGateway > should reject empty checkout line items instead of sending an empty Stripe payload
(skip) StripeGateway > should reject checkout sessions that mix line items with amount fields
(skip) StripeGateway > should reject unsupported checkout passthrough fields instead of dropping them
(skip) StripeGateway > should reject payment checkout sessions above Stripe line item limits
(skip) StripeGateway > should reject subscription checkout sessions above Stripe recurring line item limits
(skip) StripeGateway > should reject setup checkout sessions with line items
(skip) StripeGateway > should reject inline subscription priceData without recurring settings
(skip) StripeGateway > should send recurring settings for inline subscription priceData
(skip) StripeGateway > should allow zero-amount checkout line item priceData
(skip) StripeGateway > should allow zero-amount checkout line item unitAmount
(skip) StripeGateway > should reject three-decimal unitAmount not divisible by 10
(skip) StripeGateway > STRIPE-1: rejects ISK fractional unitAmount on checkout line item
(skip) StripeGateway > STRIPE-1: rejects UGX fractional unitAmount on checkout line item
(skip) StripeGateway > STRIPE-1: rejects ISK fractional major-unit amount on checkout line item
(skip) StripeGateway > STRIPE-1: accepts whole-unit ISK unitAmount and posts unit_amount=1000
(skip) StripeGateway > STRIPE-1: accepts zero-decimal JPY unitAmount and posts unit_amount=500
(skip) StripeGateway > Apple Pay Simulation > should enable automatic payment methods for Apple Pay support
(skip) StripeGateway > refundPayment > should refund payment intent and return cumulative refunded amount
(skip) StripeGateway > refundPayment > NEW-STRIPE-REFUND-0: succeeded refund + empty list does not publish totalRefunded 0
(skip) StripeGateway > refundPayment > NEW-STRIPE-REFUND-0: pending-only refund list does not publish totalRefunded 0
(skip) StripeGateway > refundPayment > NEW-STRIPE-REFUND-0: empty list falls back to charge.amount_refunded when proven > 0
(skip) StripeGateway > refundPayment > NEW-STRIPE-REFUND-0: list error + charge.amount_refunded 0 omits totalRefunded
(skip) StripeGateway > refundPayment > NEW-STRIPE-3: empty HTTP 200 on refund is indeterminate, not pending/success
(skip) StripeGateway > refundPayment > NEW-STRIPE-3: HTTP 200 {} on refund is indeterminate, not pending/success
(skip) StripeGateway > refundPayment > NEW-STRIPE-3: refund HTTP 200 with id but no status is indeterminate
(skip) StripeGateway > refundPayment > should reject partial refund without currency
(skip) StripeGateway > refundPayment > STRIPE-1: rejects partial refund when caller currency mismatches PaymentIntent
(skip) StripeGateway > refundPayment > STRIPE-1: partial refund converts majors with PaymentIntent currency scale
(skip) StripeGateway > refundPayment > should refund JPY amount without multiplying by 100
(skip) StripeGateway > refundPayment > should leave refundable amount limits to Stripe for partial refunds
(skip) StripeGateway > refundPayment > should send official Stripe refund reasons as reason
(skip) StripeGateway > refundPayment > should send custom refund reasons as metadata
(skip) StripeGateway > refundPayment > should attach caller metadata to Stripe refunds
(skip) StripeGateway > refundPayment > S19-EPHEMERAL-KEY: refundPayment requires caller idempotencyKey before POST
(skip) StripeGateway > getPayment > should reject empty payment IDs before calling Stripe
(skip) StripeGateway > getPayment > should reject malformed payment IDs before calling Stripe
(skip) StripeGateway > getPayment > should retrieve JPY payment intent without dividing by 100
(skip) StripeGateway > getPayment > should expand latest charge and return cumulative refunded amount
(skip) StripeGateway > getPayment > STRIPE-4: getPayment does not treat refund as full when captured base is missing
(skip) StripeGateway > getPayment > should mark fully refunded PaymentIntents as refunded
(skip) StripeGateway > getPayment > should mark partial refunds as partially_refunded
(skip) StripeGateway > getPayment > should prefer amount_received and mark partial captures as partially_captured
(skip) StripeGateway > getPayment > should prefer refund status over partial capture when both apply
(skip) StripeGateway > getPayment > should mark full refund of captured base using amount_captured when amount_received absent
(skip) StripeGateway > getPayment > should mark partial capture via amount_captured when amount_received absent
(skip) StripeGateway > getPayment > should fail closed on getPayment when succeeded but settled amount fields missing
(skip) StripeGateway > getPayment > STRIPE-1: re-fetches unexpanded string latest_charge and maps full refund
(skip) StripeGateway > getPayment > STRIPE-1: re-fetches unexpanded string latest_charge and maps partial refund
(skip) StripeGateway > getPayment > STRIPE-1: fail-closed to processing when unexpanded charge re-fetch fails
(skip) StripeGateway > getPayment > NEW-STRIPE-1: omitted latest_charge + charges.data[0].amount_refunded is not paid
(skip) StripeGateway > getPayment > NEW-STRIPE-1: getPayment refunded:true without amount_refunded is refunded not paid
(skip) StripeGateway > getPayment > S19-STRIPE-CHARGE-SWALLOW: GET /charges 401 is AuthenticationError, not processing
(skip) StripeGateway > getPayment > S19-STRIPE-CHARGE-SWALLOW: GET /charges 500 is NetworkError, not processing
(skip) StripeGateway > getPayment > S19-STRIPE-CHARGE-SWALLOW: GET /charges 429 is RateLimitError, not processing
(skip) StripeGateway > getPayment > NEW-STRIPE-2: getPayment id-only latest_charge is processing not paid
(skip) StripeGateway > getCheckoutSession > should retrieve a Checkout Session and expose its PaymentIntent ID
(skip) StripeGateway > getCheckoutSession > S19-CKO-GET: expanded PI amount_received is published, not amount_total
(skip) StripeGateway > getCheckoutSession > S19-CKO-GET: expanded PI with amount_refunded is not paid
(skip) StripeGateway > getCheckoutSession > P22-CKO-GET-ZERO: open unpaid GET publishes amount_total, not amount_received 0
(skip) StripeGateway > getCheckoutSession > S19-CKO-TIMEOUT: getCheckoutSession GET timeout still throws
(skip) StripeGateway > getCheckoutSession > NEW-STRIPE-0: missing amount_total is omitted, not major 0
(skip) StripeGateway > getCheckoutSession > getCheckoutSession 404 is a failed outcome, not a throw
(skip) StripeGateway > getCheckoutSession > NEW-STRIPE-CKO-200: HTTP 200 {} on getCheckoutSession is not success:true
(skip) StripeGateway > getCheckoutSession > should reject malformed Checkout Session IDs before calling Stripe
(skip) StripeGateway > error mapping > should map authentication_required to CardDeclinedError (not AuthenticationError)
(skip) StripeGateway > error mapping > should map HTTP 401 to AuthenticationError
(skip) StripeGateway > stripeRequest headers > should pin the default Stripe API version
(skip) StripeGateway > stripeRequest headers > should reject idempotency keys longer than Stripe allows
(skip) StripeGateway > stripeRequest headers > should time out hanging Stripe requests
(skip) StripeGateway > stripeRequest headers > should time out while reading a hanging Stripe response body
(skip) StripeGateway > stripeRequest headers > rejects createPayment with pre-aborted signal without hanging
(skip) StripeGateway > stripeRequest headers > aborts in-flight createPayment when caller signal fires
(skip) StripeGateway > stripeRequest headers > survives Zod validation — signal is not stripped before HTTP

packages/core/src/gateways/stripe/stripe.payment-links.test.ts:
(pass) StripeGateway payment links > createPaymentLink POSTs /v1/payment_links [14.91ms]
(pass) StripeGateway payment links > createPaymentLink rejects missing amount [0.75ms]
(pass) StripeGateway payment links > createPaymentLink rejects missing idempotencyKey [0.18ms]
(pass) StripeGateway payment links > getPaymentLink GETs /v1/payment_links/:id [1.51ms]
(pass) StripeGateway payment links > getPaymentLink 200 body without url throws NetworkError that is not afterProviderSubmit [1.17ms]
(pass) StripeGateway payment links > getPaymentLink expanded single line item publishes amount and currency [1.52ms]
(pass) StripeGateway payment links > getPaymentLink quantity !== 1 omits amount [2.59ms]
(pass) StripeGateway payment links > getPaymentLink without line items omits amount [1.89ms]
(pass) StripeGateway payment links > P22R3-URL-SCHEME: javascript: payment link url is omitted [1.06ms]
(pass) StripeGateway payment links > deactivatePaymentLink sets active=false [2.29ms]

836 tests skipped:
(skip) myfatoorahGateway > rejects empty apiToken
(skip) myfatoorahGateway > rejects unknown country
(skip) myfatoorahGateway > accepts HTTPS webhookUrl
(skip) myfatoorahGateway > accepts a public hostname that starts with 10.
(skip) myfatoorahGateway > trims apiToken and webhookSecret
(skip) myfatoorahGateway > rejects non-string webhookSecret
(skip) myfatoorahGateway > rejects non-positive timeoutMs on the factory and the gateway
(skip) myfatoorahGateway > resolves sandbox and live base URLs by country
(skip) myfatoorahGateway > closes over secrets and keeps them off the manifest
(skip) myfatoorahGateway > composes with createPaymentClient without core factory edits
(skip) MyFatoorahGateway.createPayment > posts V3 with Idempotency-Key, ISO Order.Amount, and Redirection
(skip) MyFatoorahGateway.createPayment > sends config webhookUrl and PaymentMethod / language / customer
(skip) MyFatoorahGateway.createPayment > maps PaymentCompleted + paid evidence to succeeded / paid without redirect
(skip) MyFatoorahGateway.createPayment > maps legacy flat paid evidence (InvoiceStatus + TransactionDetails.Status) as paid
(skip) MyFatoorahGateway.createPayment > retries post-submit network errors on create only for KWT/SAU — timeout abort is indeterminate
(skip) MyFatoorahGateway.createPayment > does not mark pre-send connect/DNS TypeError as postSubmit indeterminate outside KWT/SAU — retries then throws retryable NetworkError
(skip) MyFatoorahGateway.createPayment > returns indeterminate when a mutating 2xx has no InvoiceId
(skip) MyFatoorahGateway.createPayment > returns indeterminate when a mutating 2xx has neither PaymentURL nor paid evidence
(skip) MyFatoorahGateway.createPayment > rejects capture: false with the authorization capability, no fetch
(skip) MyFatoorahGateway.createPayment > rejects missing idempotencyKey without fetching
(skip) MyFatoorahGateway.createPayment > rejects a non-HTTPS callbackUrl without fetching
(skip) MyFatoorahGateway.createPayment > rejects raw PCI card sources without fetching
(skip) MyFatoorahGateway.createPayment > rejects both myfatoorahSessionId and myfatoorahToken without fetching
(skip) MyFatoorahGateway.createPayment > sends SourceOfFund.Token for myfatoorahToken
(skip) MyFatoorahGateway.createPayment > accepts UDF1..UDF5 string metadata and rejects other keys
(skip) MyFatoorahGateway.createPayment > retries create once without Idempotency-Key on an idempotency validation error
(skip) MyFatoorahGateway.createPayment > retries create once without Idempotency-Key on a 400 ValidationErrors object body
(skip) MyFatoorahGateway.createPayment > does not drop Idempotency-Key on an idempotency conflict (different body)
(skip) MyFatoorahGateway.createPayment > does not auto-retry the headerless create POST after submit (MF-CRIT-2)
(skip) MyFatoorahGateway.createPayment > does not send Idempotency-Key outside KWT/SAU
(skip) MyFatoorahGateway.createPayment > requires orderId or myfatoorahCustomer.reference outside KWT/SAU
(skip) MyFatoorahGateway.createPayment > picks the currency-matching ValueIn* field on paid create
(skip) MyFatoorahGateway.createPayment > omits the paid amount when no ValueIn* field matches the request currency
(skip) MyFatoorahGateway.getPayment > POSTs GetPaymentStatus with the InvoiceId key
(skip) MyFatoorahGateway.getPayment > keeps a pending invoice pending even when the latest transaction failed
(skip) MyFatoorahGateway.getPayment > does not treat a Paid invoice without a success transaction as paid
(skip) MyFatoorahGateway.getPayment > normalizes the KD currency alias to KWD from the success transaction
(skip) MyFatoorahGateway.getPayment > publishes official thousand-separated PaidCurrencyValue as pay amount
(skip) MyFatoorahGateway.getPayment > publishes the pay currency amount when base differs (KWD base, SAR pay)
(skip) MyFatoorahGateway.getPayment > maps a refunded invoice as settled but not paid
(skip) MyFatoorahGateway.getPayment > maps canceled invoices to cancelled / failed outcome
(skip) MyFatoorahGateway.getPayment > rejects non-digit gatewayPaymentId without fetching
(skip) MyFatoorahGateway.getPayment > rejects PaymentId-shaped gatewayPaymentId with the InvoiceId default
(skip) MyFatoorahGateway.getPayment > queries with KeyType PaymentId when requested
(skip) MyFatoorahGateway.refundPayment > posts MakeRefund with ServiceChargeOnCustomer false and ExternalIdentifier
(skip) MyFatoorahGateway.refundPayment > uses the caller amount when provided and under remaining
(skip) MyFatoorahGateway.refundPayment > rejects a caller amount over remaining without MakeRefund
(skip) MyFatoorahGateway.refundPayment > throws for a currency mismatch without MakeRefund
(skip) MyFatoorahGateway.refundPayment > replays a partial refund with same idempotencyKey without posting MakeRefund (MF-CRIT-1)
(skip) MyFatoorahGateway.refundPayment > replays a fully refunded invoice from the nested refund when keyed
(skip) MyFatoorahGateway.refundPayment > throws for a fully refunded invoice with no matching nested refund
(skip) MyFatoorahGateway.refundPayment > does not retry the first MakeRefund POST on 429
(skip) MyFatoorahGateway.refundPayment > does not auto-retry the headerless MakeRefund POST (no 429 fan-out)
(skip) MyFatoorahGateway.refundPayment > returns indeterminate when MakeRefund 2xx is missing RefundId
(skip) MyFatoorahGateway.refundPayment > rejects missing idempotencyKey without fetching
(skip) MyFatoorahGateway.refundPayment > rejects PaymentId-shaped gatewayPaymentId unless myfatoorahKeyType is PaymentId
(skip) MyFatoorahGateway.refundPayment > refunds with KeyType PaymentId when requested
(skip) MyFatoorahGateway.refundPayment > throws on an unparseable refund list even with an explicit amount
(skip) MyFatoorahGateway.refundPayment > throws on a GetRefundStatus 500 instead of returning indeterminate
(skip) MyFatoorahGateway.refundPayment > fails closed on a first refund whose currency is not the account base (MF-CRIT-1)
(skip) MyFatoorahGateway.refundPayment > does not treat GetRefundStatus Data array as empty history
(skip) MyFatoorahGateway.refundPayment > treats GetRefundStatus 2xx official not-found Message as empty history
(skip) MyFatoorahGateway.refundPayment > treats a GetRefundStatus 2xx without Data as empty history (MF-CRIT-3)
(skip) MyFatoorahGateway.refundPayment > infers the account base currency on a first refund without explicit currency
(skip) MyFatoorahGateway.capturePayment / webhooks > capturePayment throws OperationNotSupportedError with the authorization capability
(skip) MyFatoorahGateway.capturePayment / webhooks > parses a payment webhook into a paid event with related paymentId
(skip) MyFatoorahGateway.capturePayment / webhooks > parses a refund webhook into a refunded event with money and invoice identity
(skip) MyFatoorahGateway.capturePayment / webhooks > does not map refund paymentId from Refund.ExternalIdentifier (MF-HIGH-5)
(skip) MyFatoorahGateway.capturePayment / webhooks > normalizes the KD webhook currency alias to KWD (MF-MED-2)
(skip) MyFatoorahGateway MF fixes > MF-CREATE-REPLAY: ARE country with orderId existing → no POST /v3/payments
(skip) MyFatoorahGateway MF fixes > KWT create with orderId does not preflight CustomerReference (header dedupes)
(skip) MyFatoorahGateway MF fixes > MF-CREATE-REPLAY: ARE Pending invoice does not POST a second payment
(skip) MyFatoorahGateway MF fixes > MF-CREATE-REPLAY: ARE Paid invoice with a different amount is not reused
(skip) MyFatoorahGateway MF fixes > MF-CREATE-REPLAY: ARE inquiry 5xx does not POST a second payment
(skip) MyFatoorahGateway MF fixes > MF-CREATE-REPLAY: ARE lookup 400 does not POST a second payment
(skip) MyFatoorahGateway MF fixes > MF-CREATE-REPLAY: ARE country with orderId present but not found → POSTs /v3/payments
(skip) MyFatoorahGateway MF fixes > MF-CREATE-REPLAY: ARE 200 IsSuccess false official not-found Message creates once
(skip) MyFatoorahGateway MF fixes > MF-CREATE-REPLAY: ARE 200 IsSuccess false generic Message fails closed
(skip) MyFatoorahGateway MF fixes > MF-CREATE-REPLAY: ARE success envelope with null Data fails closed
(skip) MyFatoorahGateway MF fixes > MF-CREATE-REPLAY: ARE pending invoice returns indeterminate with InvoiceId
(skip) MyFatoorahGateway MF fixes > MF-CREATE-REPLAY: ARE lookup 429 surfaces RateLimitError (not indeterminate)
(skip) MyFatoorahGateway MF fixes > MF-CREATE-REPLAY: ARE Canceled invoice allows new POST
(skip) MyFatoorahGateway MF fixes > MF-CREATE-REPLAY: ARE Cancelled invoice allows new POST
(skip) MyFatoorahGateway MF fixes > MF-CREATE-REPLAY: ARE Failed invoice allows new POST
(skip) MyFatoorahGateway MF fixes > MF-CREATE-REPLAY: ARE Expired invoice allows new POST
(skip) MyFatoorahGateway MF fixes > unkeyed ARE create does not retry 429 on /v3/payments
(skip) MyFatoorahGateway MF fixes > myfatoorah PaymentCompleted string handling (I7) and isPaidOutcome amount-optional (I8) > accepts string "true" (case-insensitive, trimmed) as paid via PaymentCompleted
(skip) MyFatoorahGateway MF fixes > myfatoorah PaymentCompleted string handling (I7) and isPaidOutcome amount-optional (I8) > PaymentCompleted true with no matching ValueIn* omits amount but still paid (I8)
(skip) MyFatoorahGateway MF fixes > MF-SANDBOX-BASE: ARE sandbox first refund without currency infers KWD and posts MakeRefund
(skip) MyFatoorahGateway MF fixes > MF-SANDBOX-BASE: ARE sandbox rejects an AED refund amount (base is KWD)
(skip) MyFatoorahGateway MF fixes > MF-SANDBOX-BASE: ARE live rejects a KWD refund amount (base is AED)
(skip) MyFatoorahGateway MF fixes > MF-GETPAYMENT-BASE-MIX: InvoiceValue 64.772 base with SAR transaction → publishes KWD or omits, never 64.772 SAR
(skip) MyFatoorahGateway MF fixes > MF-CREATE-AMOUNT-FALLBACK: bare Value fallback not used as request currency
(skip) MyFatoorahGateway MF fixes > MF-PAYMENTCOMPLETED-REDIRECT: PaymentCompleted true without nested statuses → paid, not requires_action
(skip) MyFatoorahGateway MF fixes > lower: picks last success transaction not first
(skip) MyFatoorahGateway MF fixes > lower: existingRefund found doesn't await paymentStatus (survives 500)
(skip) myfatoorah HTTP mapping > wraps array Data as RefundStatusResult so refund history is not dropped
(skip) myfatoorah HTTP mapping > treats IsSuccess true as success (boolean and string forms)
(skip) myfatoorah HTTP mapping > classifies official inquiry not-found envelopes without treating every IsSuccess false as empty
(skip) myfatoorah HTTP mapping > maps inquiry 2xx IsSuccess false + official not-found Message to ResourceNotFoundError
(skip) myfatoorah HTTP mapping > includes envelope Message on 2xx IsSuccess false that is not a not-found
(skip) myfatoorah HTTP mapping > does not retry RateLimitError before submit (unkeyed mutations)
(skip) myfatoorah HTTP mapping > maps 2xx IsSuccess false + ValidationErrors to InvalidRequestError
(skip) myfatoorah HTTP mapping > maps POST 500 to NetworkError with afterProviderSubmit
(skip) myfatoorah HTTP mapping > maps POST 500 without postSubmit flag to NetworkError without afterProviderSubmit (safe default)
(skip) myfatoorah HTTP mapping > maps GET 500 to NetworkError without afterProviderSubmit
(skip) myfatoorah HTTP mapping > maps inquiry POST 500 to NetworkError without afterProviderSubmit
(skip) myfatoorah HTTP mapping > maps mutating POST 500 to NetworkError with afterProviderSubmit when flagged
(skip) myfatoorah HTTP mapping > rejects inquiry POST unusable 2xx bodies without afterProviderSubmit
(skip) myfatoorah HTTP mapping > maps 401 / 403 to AuthenticationError
(skip) myfatoorah HTTP mapping > maps 404 to ResourceNotFoundError
(skip) myfatoorah HTTP mapping > maps 429 to RateLimitError
(skip) myfatoorah HTTP mapping > maps IsSuccess false with ValidationErrors on non-2xx to InvalidRequestError
(skip) myfatoorah HTTP mapping > maps unknown client failures to InvalidRequestError when IsSuccess false on 4xx
(skip) myfatoorah HTTP mapping > maps unknown client failures to GatewayApiError when IsSuccess true
(skip) myfatoorah HTTP mapping > rejects unusable 2xx bodies as NetworkError
(skip) public API runtime surface > re-exports documented runtime symbols
(skip) myfatoorah refund support > computes remaining from InvoiceValue minus non-canceled refunds
(skip) myfatoorah refund support > ignores canceled refunds in the sum
(skip) myfatoorah refund support > ignores FAILED, REJECTED and unknown statuses in remaining
(skip) myfatoorah refund support > counts only REFUNDED and PENDING, pending aliases included
(skip) myfatoorah refund support > parses thousand-separated amounts via comma stripping for remaining
(skip) myfatoorah refund support > returns 0 when fully refunded
(skip) myfatoorah refund support > throws when remaining is negative
(skip) myfatoorah refund support > throws when the invoice amount or refund list is unparseable
(skip) myfatoorah refund support > matches a nested refund by ExternalIdentifier
(skip) myfatoorah refund support > maps a single nested refund without an ExternalIdentifier
(skip) myfatoorah refund support > does not map a single nested refund with a different key
(skip) myfatoorah refund support > does not map multiple unmatched refunds
(skip) myfatoorah refund support > returns undefined for empty / missing lists
(skip) myfatoorah sources / PCI fence > accepts documented uppercase PaymentMethod values
(skip) myfatoorah sources / PCI fence > rejects legacy regional methods as PaymentMethod (use DisplayPaymentMethods)
(skip) myfatoorah sources / PCI fence > rejects lowercase and PAN-shaped PaymentMethod values
(skip) myfatoorah sources / PCI fence > rejects bad DisplayPaymentMethods tokens
(skip) myfatoorah sources / PCI fence > rejects SourceOfFund.Card blobs
(skip) myfatoorah sources / PCI fence > rejects myfatoorahCard / source.card blobs
(skip) myfatoorah sources / PCI fence > rejects Card.Number / SecurityCode blobs
(skip) myfatoorah sources / PCI fence > allows SourceOfFund SessionId / Token (never raw cards)
(skip) tapGateway > rejects empty secretKey
(skip) tapGateway > accepts HTTPS webhookUrl
(skip) tapGateway > trims secretKey
(skip) tapGateway > rejects non-positive timeoutMs on TapGateway as well as the factory
(skip) tapGateway > rejects non-positive timeoutMs
(skip) tapGateway > rejects autoVoidHours outside 1..168
(skip) tapGateway > accepts autoVoidHours 1 and 168
(skip) tapGateway > closes over secrets and keeps them off the manifest
(skip) tapGateway > composes with createPaymentClient without core factory edits
(skip) TapGateway.createPayment > posts a charge with ISO major amount, customer, src_all, and idempotent reference
(skip) TapGateway.createPayment > maps INITIATED + transaction.url to requires_action
(skip) TapGateway.createPayment > does not treat merchant redirect.url as checkout redirect on CAPTURED charges
(skip) TapGateway.createPayment > does not treat leftover transaction.url as nextAction on CAPTURED charges
(skip) TapGateway.createPayment > does not treat merchant redirect.url as checkout redirect on AUTHORIZED authorize
(skip) TapGateway.createPayment > posts /authorize when capture is false
(skip) TapGateway.createPayment > sends auto VOID hours on authorize when autoVoidHours is set
(skip) TapGateway.createPayment > rejects autoVoidHours on authorize when source is omitted (src_card)
(skip) TapGateway.createPayment > does not send auto on charges even when autoVoidHours is set
(skip) TapGateway.createPayment > rejects auth_ tapSource on createPayment and does not fetch
(skip) TapGateway.createPayment > rejects zero create amounts before fetch
(skip) TapGateway.createPayment > maps DECLINED to declined outcome
(skip) TapGateway.createPayment > maps FAILED without a 501–516 response.code as failed with no decline extras
(skip) TapGateway.createPayment > trims createPayment idempotencyKey on reference.idempotent
(skip) TapGateway.createPayment > requires customer and callbackUrl
(skip) TapGateway.createPayment > requires idempotencyKey when the caller omits one
(skip) TapGateway mutations > requires idempotencyKey on capture / void / refund
(skip) TapGateway mutations > captures an authorize via POST /charges with source.id = auth id
(skip) TapGateway mutations > maps a partial capture as partially_captured not paid
(skip) TapGateway mutations > rejects capture when the amount exceeds the authorized amount
(skip) TapGateway mutations > prefers tapRedirectUrl over authorize.redirect.url on capture
(skip) TapGateway mutations > rejects capture when authorize has no redirect.url and tapRedirectUrl is omitted
(skip) TapGateway mutations > rejects capture when the authorize status is VOID
(skip) TapGateway mutations > maps GET CAPTURED authorize as paid without POST /charges
(skip) TapGateway mutations > GETs the nested charge when CAPTURED authorize includes charge_id
(skip) TapGateway mutations > rejects capture when caller currency does not match authorize currency
(skip) TapGateway mutations > rejects capture when the authorize status is INITIATED
(skip) TapGateway mutations > rejects capture when the authorize object omits status
(skip) TapGateway mutations > voids an authorize
(skip) TapGateway mutations > returns an already-VOID authorize without posting void
(skip) TapGateway mutations > rejects void when the authorize status is INITIATED
(skip) TapGateway mutations > posts remaining amount when refund amount is omitted
(skip) TapGateway mutations > rejects refund when the charge status is already REFUNDED
(skip) TapGateway mutations > rejects a caller amount refund when the charge is already REFUNDED
(skip) TapGateway mutations > maps an embedded refund on an already-REFUNDED charge without posting
(skip) TapGateway mutations > maps the nested refund whose reference.idempotent matches
(skip) TapGateway mutations > rejects unmatched nested refunds on an already-REFUNDED charge without posting
(skip) TapGateway mutations > GETs a nested refund id on an already-REFUNDED charge
(skip) TapGateway mutations > throws when omitted refund amount and remaining is 0 without posting
(skip) TapGateway mutations > throws when remaining is 0 even if the caller passes amount
(skip) TapGateway mutations > maps a nested refund when remaining is 0 without posting
(skip) TapGateway mutations > rejects omitted refund amount when remaining is not exposed
(skip) TapGateway mutations > rejects http tapPostUrl before fetch
(skip) TapGateway mutations > rejects omitted refund amount when refunds list has no parseable amounts
(skip) TapGateway mutations > rejects refund when caller currency does not match charge currency
(skip) TapGateway mutations > refunds a charge
(skip) TapGateway mutations > sends a free-text refund reason instead of requested_by_customer
(skip) TapGateway mutations > maps known refund reasons case-insensitively with spaces to underscore
(skip) TapGateway mutations > rejects refund reasons longer than 249 characters
(skip) TapGateway mutations > does not retry void after a mutating 5xx
(skip) TapGateway mutations > rejects capture of a charge id and refund of an authorize id
(skip) TapGateway.getPayment and errors > dispatches chg_ vs auth_ and rejects unknown prefixes
(skip) TapGateway.getPayment and errors > maps getPayment of a REFUNDED charge to refunded, not failed
(skip) TapGateway.getPayment and errors > GETs the nested charge on getPayment of CAPTURED authorize with charge_id
(skip) TapGateway.getPayment and errors > maps getPayment of CAPTURED authorize without charge_id as paid
(skip) TapGateway.getPayment and errors > maps getPayment of a VOID authorize to succeeded cancelled
(skip) TapGateway.getPayment and errors > maps getPayment of a VOID charge to failed cancelled
(skip) TapGateway.getPayment and errors > maps ABANDONED createPayment and getPayment to failed
(skip) TapGateway.getPayment and errors > does not retry a mutating POST aborted by the caller
(skip) TapGateway.getPayment and errors > maps post-submit 5xx on create to indeterminate
(skip) TapGateway.getPayment and errors > maps empty mutating 2xx to indeterminate, not InvalidRequestError
(skip) TapGateway.getPayment and errors > maps mutating HTML 5xx to indeterminate after retries
(skip) TapGateway.getPayment and errors > GET empty 2xx is a thrown NetworkError, not afterProviderSubmit
(skip) TapGateway.getPayment and errors > maps mutating 2xx charge without status to indeterminate
(skip) TapGateway.getPayment and errors > maps mutating 2xx refund without status to indeterminate
(skip) TapGateway.getPayment and errors > GET charge without status throws InvalidRequestError without retry
(skip) TapGateway.getPayment and errors > maps 401 to AuthenticationError via getPayment (GET throws)
(skip) TapGateway webhooks > verifies hashstring and dual-writes a paid event
(skip) TapGateway webhooks > parses 13-digit created values as milliseconds
(skip) TapGateway webhooks > rejects webhook payloads without a created timestamp
(skip) TapGateway webhooks > does not treat charge source.id auth_ as gatewayPaymentId
(skip) TapGateway webhooks > parses authorize and refund webhooks
(skip) TapGateway webhooks > maps a charge object with status REFUNDED to refunded, not failed
(skip) TapGateway webhooks > rejects invoice objects missing created timestamp
(skip) TapGateway webhooks > rejects invoice objects missing id
(skip) TapGateway webhooks > parses invoice webhook objects as cancelled, not paid
(skip) TapGateway webhooks > attaches charge_id on CAPTURED authorize webhook relatedIds
(skip) TapGateway webhooks > does not treat metadata.udf1 as paymentId
(skip) TapGateway webhooks > prefers metadata.paymentId over orderId and reference.order
(skip) assertTapSuccessBody > GET empty 2xx is NetworkError without afterProviderSubmit
(skip) assertTapSuccessBody > accepts a mutating 2xx object with id and status
(skip) assertTapSuccessBody > throws NetworkError afterProviderSubmit when mutating 2xx status is whitespace
(skip) assertTapSuccessBody > throws NetworkError afterProviderSubmit when mutating 2xx has id but missing status
(skip) assertTapSuccessBody > throws NetworkError afterProviderSubmit when mutating 2xx status is not a string
(skip) mapTapHttpFailure > tags mutating 5xx NetworkError even when the body is not JSON
(skip) mapTapHttpFailure > does not tag GET 5xx as afterProviderSubmit
(skip) mapTapHttpFailure > maps POST 500 code 1106 to NetworkError afterProviderSubmit not InvalidRequestError
(skip) mapTapHttpFailure > maps GET 500 code 1106 to NetworkError without afterProviderSubmit
(skip) mapTapHttpFailure > treats POST 400 code 1151 as NetworkError afterProviderSubmit
(skip) mapTapHttpFailure > treats GET 400 code 1151 as NetworkError without afterProviderSubmit
(skip) mapTapHttpFailure > does not map POST 400 errors code 504 to CardDeclinedError
(skip) mapTapHttpFailure > does not map POST 400 errors code 501 to CardDeclinedError
(skip) mapTapHttpFailure > maps POST 400 code 1106 to InvalidRequestError not ResourceNotFoundError
(skip) mapTapHttpFailure > maps GET 400 code 1106 to InvalidRequestError not ResourceNotFoundError
(skip) mapTapHttpFailure > maps POST 400 code 1114 to InvalidRequestError
(skip) mapTapHttpFailure > maps POST 400 code 1126 to InvalidRequestError
(skip) mapTapHttpFailure > maps POST 400 code 1149 to InvalidRequestError
(skip) mapTapHttpFailure > maps POST 400 code 1101 to AuthenticationError not InvalidRequestError
(skip) mapTapHttpFailure > passes raw {status,body,code} on AMOUNT_CODES InvalidRequestError
(skip) public API runtime surface > re-exports documented runtime symbols
(skip) tapRemainingRefundMajor > throws when remaining is negative
(skip) tapRemainingRefundMajor > throws when a refunds list mixes parseable and opaque amounts
(skip) tapRemainingRefundMajor > throws when the charge does not expose remaining or refunded
(skip) nestedRefundFromCharge > returns the refund whose reference.idempotent matches
(skip) nestedRefundFromCharge > returns undefined when multiple nested refunds do not match the key
(skip) nestedRefundFromCharge > returns undefined when the only nested refund has a different idempotent key
(skip) nestedRefundFromCharge > returns the only nested refund when Tap omitted the idempotent field
(skip) Tap sources > defaults to src_all
(skip) Tap sources > allows tokens, hosted lists, local methods, and authorize ids
(skip) Tap sources > rejects PAN-shaped ids and PCI source.card
(skip) BaseGateway CORE-7 post-submit identity > post-submit timeout create uses orderId when present
(skip) BaseGateway CORE-7 post-submit identity > post-submit timeout create prefers orderId over idempotencyKey
(skip) BaseGateway CORE-7 post-submit identity > post-submit timeout create uses idempotencyKey when no order/payment id exists
(skip) BaseGateway CORE-7 post-submit identity > post-submit timeout OTP uses transactionUrl
(skip) BaseGateway CORE-7 post-submit identity > post-submit timeout create without identity stays unknown
(skip) BaseGateway CORE-7 post-submit identity > post-submit timeout capture uses gatewayPaymentId
(skip) BaseGateway CORE-7 post-submit identity > post-submit timeout void uses gatewayPaymentId
(skip) BaseGateway CORE-7 post-submit identity > refund post-submit timeout is indeterminate with gatewayRefundId
(skip) BaseGateway CORE-7 post-submit identity > pre-submit network error is not forged as indeterminate
(skip) BaseGateway CORE-7 post-submit identity > S19-CKO-TIMEOUT: createCheckoutSession POST timeout is checkout-shaped indeterminate, not a retryable failed-create
(skip) BaseGateway CORE-7 post-submit identity > S19-CKO-TIMEOUT: getCheckoutSession stays throwing on afterProviderSubmit NetworkError
(skip) BaseGateway CORE-7 post-submit identity > P22-IND-LOOKUP: createCustomer POST timeout is customer-shaped indeterminate with lookup identity
(skip) BaseGateway CORE-7 post-submit identity > P22-IND-LOOKUP: createCustomer timeout without identity stays unknown
(skip) BaseGateway CORE-7 post-submit identity > P22-IND-LOOKUP: attachPaymentMethod timeout uses providerObjectIdFromParams lookup
(skip) BaseGateway CORE-7 post-submit identity > P22-IND-LOOKUP: detachPaymentMethod timeout snapshots paymentMethod lookup id
(skip) BaseGateway CORE-7 post-submit identity > P22R3-DETACH-IND: detach timeout omits request customerId
(skip) BaseGateway CORE-7 post-submit identity > P22-IND-LOOKUP: submitDisputeEvidence timeout is dispute-shaped unknown, not open/won
(skip) BaseGateway CORE-7 post-submit identity > P22-IND-LOOKUP: getDispute stays throwing on afterProviderSubmit NetworkError
(skip) BaseGateway CORE-7 post-submit identity > P22-IND-LOOKUP: createPaymentLink timeout uses idempotencyKey lookup and does not invent active
(skip) BaseGateway CORE-7 post-submit identity > P22-IND-LOOKUP: deactivatePaymentLink timeout uses paymentLinkId lookup
(skip) BaseGateway CORE-7 post-submit identity > P22-IND-LOOKUP: getCustomer stays throwing on afterProviderSubmit NetworkError
(skip) BaseGateway CORE-7 post-submit identity > P22-IND-LOOKUP: before-hooks cannot inject raw card material past executeWithHooks
(skip) BaseGateway CORE-7 post-submit identity > P22R3-IND-UNKNOWN-CUS: applyIndeterminatePaymentMethodOutcome omits missing/empty customerId
(skip) BaseGateway CORE-7 post-submit identity > P22R3-PCI-HOOK-ORDER: inbound PAN is rejected before before-hooks run
(skip) BaseGateway CORE-7 post-submit identity > P22-PCI: before-hooks cannot inject metadata PAN on createPayment
(skip) generateGatewayCapabilitiesMarkdown > includes partialRefunds and each built-in provider name
(skip) generateGatewayCapabilitiesMarkdown > renders a row for every capability key and ✓ for claimed cells
(skip) generateGatewayCapabilitiesMarkdown > marks missing capabilities as unsupported (all ✗)
(skip) generateGatewayCapabilitiesMarkdown > handles empty manifest list
(skip) generateGatewayCapabilitiesMarkdown > does not embed credential values or secret material
(skip) checked-in gateway-capabilities.md drift > matches generateGatewayCapabilitiesMarkdown(BUILTIN_GATEWAY_MANIFESTS)
(skip) capability claim validation (Phase 3.4) > built-in factories > stripe > create() gateway supports/capabilities match manifest and constants
(skip) capability claim validation (Phase 3.4) > built-in factories > stripe > claimed capabilities imply required method presence
(skip) capability claim validation (Phase 3.4) > built-in factories > moyasar > create() gateway supports/capabilities match manifest and constants
(skip) capability claim validation (Phase 3.4) > built-in factories > moyasar > claimed capabilities imply required method presence
(skip) capability claim validation (Phase 3.4) > built-in factories > paypal > create() gateway supports/capabilities match manifest and constants
(skip) capability claim validation (Phase 3.4) > built-in factories > paypal > claimed capabilities imply required method presence
(skip) capability claim validation (Phase 3.4) > built-in factories > paymob > create() gateway supports/capabilities match manifest and constants
(skip) capability claim validation (Phase 3.4) > built-in factories > paymob > claimed capabilities imply required method presence
(skip) capability claim validation (Phase 3.4) > built-in factories > only Stripe claims hostedCheckout; only Moyasar claims marketplaceSplits
(skip) capability claim validation (Phase 3.4) > built-in factories > only Stripe claims disputes and paymentLinks; all deny providerRecurring
(skip) capability claim validation (Phase 3.4) > built-in factories > BUILTIN_GATEWAY_MANIFESTS names match factory adapters
(skip) capability claim validation (Phase 3.4) > built-in factories > BUILTIN_ADAPTER_VERSION matches packages/core/package.json version (P05-VER-1)
(skip) capability claim validation (Phase 3.4) > built-in factories > PayPal keeps partialCapture true; order captures reject amount (P05-PAYPAL-1)
(skip) capability claim validation (Phase 3.4) > custom adapter with all-false capabilities > supports never true for any GatewayCapabilityKey
(skip) capability claim validation (Phase 3.4) > snapshot immutability > gateway.capabilities is frozen and complete
(skip) built-in gateway adapter factories > stripeGateway > exposes name/manifest and create() returns StripeGateway
(skip) built-in gateway adapter factories > stripeGateway > rejects empty secretKey at factory call time
(skip) built-in gateway adapter factories > moyasarGateway > exposes name/manifest and create() returns MoyasarGateway
(skip) built-in gateway adapter factories > moyasarGateway > rejects empty secretKey at factory call time
(skip) built-in gateway adapter factories > paypalGateway > exposes name/manifest and create() returns PayPalGateway
(skip) built-in gateway adapter factories > paypalGateway > rejects missing client credentials at factory call time
(skip) built-in gateway adapter factories > paymobGateway > exposes name/manifest and create() returns PaymobGateway (secretKey)
(skip) built-in gateway adapter factories > paymobGateway > accepts legacy apiKey only
(skip) built-in gateway adapter factories > paymobGateway > rejects when neither secretKey nor apiKey is non-empty
(skip) built-in gateway adapter factories > manifest does not include credential fields
(skip) built-in gateway adapter factories > manifest.capabilities matches gateway.capabilities > stripe: factory manifest equals create().capabilities for all keys
(skip) built-in gateway adapter factories > manifest.capabilities matches gateway.capabilities > moyasar: factory manifest equals create().capabilities for all keys
(skip) built-in gateway adapter factories > manifest.capabilities matches gateway.capabilities > paypal: factory manifest equals create().capabilities for all keys
(skip) built-in gateway adapter factories > manifest.capabilities matches gateway.capabilities > paymob: factory manifest equals create().capabilities for all keys
(skip) gateway capabilities foundation > GATEWAY_CAPABILITY_KEYS > includes the stable Phase 3 key set
(skip) gateway capabilities foundation > defineGatewayCapabilities > merges partial claims; unspecified keys are false
(skip) gateway capabilities foundation > defineGatewayCapabilities > returns all-false for empty partial
(skip) gateway capabilities foundation > defineGatewayCapabilities > coerces non-true values to false
(skip) gateway capabilities foundation > isGatewayCapabilityKey > returns true for known keys
(skip) gateway capabilities foundation > isGatewayCapabilityKey > returns false for unknown strings
(skip) gateway capabilities foundation > freezeCapabilities > returns a frozen snapshot
(skip) gateway capabilities foundation > freezeCapabilities > does not mutate the input object
(skip) gateway capabilities foundation > CAPABILITY_OPERATION_MAP > maps every client-gated capability to a method name; remaining extension keys stay unmapped
(skip) gateway capabilities foundation > CAPABILITY_OPERATION_MAP > requiredCapabilitiesForOperation encodes create/refund/void/capture gates
(skip) gateway capabilities foundation > BaseGateway supports + capabilities > defaults to all-false when no claims are passed
(skip) gateway capabilities foundation > BaseGateway supports + capabilities > returns expected supports() values for explicit claims
(skip) gateway capabilities foundation > BaseGateway supports + capabilities > assertCapability throws OperationNotSupportedError with metadata
(skip) gateway capabilities foundation > BaseGateway supports + capabilities > assertCapability is a no-op when capability is claimed
(skip) gateway capabilities foundation > OperationNotSupportedError capability metadata > two-arg form remains backward compatible
(skip) gateway capabilities foundation > OperationNotSupportedError capability metadata > carries capability metadata when provided
(skip) gateway capabilities foundation > OperationNotSupportedError capability metadata > accepts a custom message override
(skip) createGatewayRegistry > registers two adapters, builds, and reports matching names
(skip) createGatewayRegistry > throws InvalidRequestError on duplicate register
(skip) createGatewayRegistry > replace overwrites in place and preserves registration order
(skip) createGatewayRegistry > replace inserts when name was not previously registered
(skip) createGatewayRegistry > built registry is frozen; second build is independent
(skip) createGatewayRegistry > freezes manifests (mutation is a no-op or throws in strict mode)
(skip) createGatewayRegistry > createAll materializes instances once per name via context
(skip) createGatewayRegistry > createAll wraps hand-built telemetry so secrets do not reach the sink
(skip) createGatewayRegistry > rejects adapter when manifest.name does not match adapter.name
(skip) createGatewayRegistry > rejects empty or whitespace-only adapter names
(skip) createGatewayRegistry > snapshots adapter at register so later mutation does not affect build
(skip) createGatewayRegistry > createAll throws when instance name mismatches adapter name
(skip) createGatewayRegistry > registerDynamic accepts a loosely typed adapter and rejects duplicates
(skip) createDynamicGatewayRegistry > accepts string-keyed adapters and builds a usable registry
(skip) createDynamicGatewayRegistry > still rejects duplicate register
(skip) createDynamicGatewayRegistry > registerDynamic on dynamic builder works end-to-end
(skip) createDefaultGatewayContext > provides portable defaults without secrets
(skip) createDefaultGatewayContext > honors partial overrides
(skip) createDefaultGatewayContext > falls back to getRandomValues UUID when randomUUID is missing
(skip) createDefaultGatewayContext > throws when Web Crypto is absent (no Math.random fallback; CORE-3)
(skip) createDefaultGatewayContext > attaches optional telemetry when provided
(skip) createDefaultGatewayContext > wraps provided telemetry so cardNumber/secret emits are redacted (P20-TELEMETRY-WRAP)
(skip) createDefaultGatewayContext > double-wraps already-redacting telemetry without unmasking secrets (P20-TELEMETRY-WRAP)
(skip) gateway injected runtime (Stream B) > StripeGateway uses injected fetch (ctor runtime) without touching globalThis.fetch
(skip) gateway injected runtime (Stream B) > MoyasarGateway uses injected fetch (ctor runtime) without touching globalThis.fetch
(skip) gateway injected runtime (Stream B) > PaymobGateway uses injected fetch (ctor runtime) without touching globalThis.fetch
(skip) gateway injected runtime (Stream B) > PayPalGateway uses injected fetch (ctor runtime) without touching globalThis.fetch
(skip) gateway injected runtime (Stream B) > factory create(context) passes context.fetch into Stripe HTTP path
(skip) gateway injected runtime (Stream B) > createPaymentClient runtime.fetch reaches gateway HTTP
(skip) gateway injected runtime (Stream B) > legacy PaymentClient constructor runtime.fetch reaches Stripe HTTP
(skip) gateway injected runtime (Stream B) > default runtime still delegates to live globalThis.fetch (compat)
(skip) portable webhook verify (no node:crypto in production path) > Stripe verifyWebhook accepts portable HMAC-SHA256 signature
(skip) portable webhook verify (no node:crypto in production path) > Stripe verifyWebhook respects injected clock for skew
(skip) portable webhook verify (no node:crypto in production path) > Paymob verifyWebhook accepts portable HMAC-SHA512
(skip) portable webhook verify (no node:crypto in production path) > Moyasar verifyWebhook uses portable timing-safe compare
(skip) production core src has zero node: imports > no production .ts under packages/core/src imports node:*
(skip) factory runtime wiring > all four factories forward context fetch/crypto/clock/uuid
(skip) PayPalGateway > configuration > should reject malformed webhook IDs early
(skip) PayPalGateway > verifyWebhook > should throw InvalidRequestError directing callers to verifyWebhookAsync
(skip) PayPalGateway > verifyWebhook > should throw even when webhookId is not configured (sync path is unsupported)
(skip) PayPalGateway > verifyWebhookAsync > should throw InvalidRequestError when webhookId is not configured
(skip) PayPalGateway > verifyWebhookAsync > should return false when headers are missing
(skip) PayPalGateway > verifyWebhookAsync > should return false before calling PayPal when webhook headers exceed PayPal limits
(skip) PayPalGateway > verifyWebhookAsync > should reject non-PayPal cert URLs before calling the verify API
(skip) PayPalGateway > verifyWebhookAsync > should reject non-HTTPS PayPal cert URLs before calling the verify API
(skip) PayPalGateway > verifyWebhookAsync > should soft-accept aged transmission_time and still call PayPal verify
(skip) PayPalGateway > verifyWebhookAsync > should reject unparseable transmission_time without calling PayPal
(skip) PayPalGateway > verifyWebhookAsync > should call PayPal API and return true on SUCCESS
(skip) PayPalGateway > verifyWebhookAsync > should embed raw string webhook_event without re-serializing key order
(skip) PayPalGateway > verifyWebhookAsync > should embed Buffer payload webhook_event as original JSON text
(skip) PayPalGateway > verifyWebhookAsync > should embed raw body with trailing newline as exact untrimmed text
(skip) PayPalGateway > verifyWebhookAsync > should warn when verifying with an already-parsed object payload
(skip) PayPalGateway > verifyWebhookAsync > should return false for invalid JSON string payloads without calling PayPal
(skip) PayPalGateway > verifyWebhookAsync > should return false on FAILURE verification status
(skip) PayPalGateway > verifyWebhookAsync > should throw when PayPal verification API is unavailable
(skip) PayPalGateway > verifyWebhookAsync > should throw NetworkError when webhook verification cannot reach PayPal
(skip) PayPalGateway > parseWebhookEvent > should parse PAYMENT.CAPTURE.COMPLETED event
(skip) PayPalGateway > parseWebhookEvent > P22-PP-DISPUTE: CUSTOMER.DISPUTE.CREATED dual-writes dispute.opened (not payment.succeeded, not throw)
(skip) PayPalGateway > parseWebhookEvent > P22-PP-DISPUTE: CUSTOMER.DISPUTE.UPDATED / RESOLVED parse as dispute lifecycle dual-write
(skip) PayPalGateway > parseWebhookEvent > P22-PP-DISPUTE: OPEN dispute maps to needs_response, never paid
(skip) PayPalGateway > parseWebhookEvent > should reject unsupported unknown event types instead of mapping them to pending USD 0
(skip) PayPalGateway > parseWebhookEvent > should extract capture ID from supplementary_data
(skip) PayPalGateway > parseWebhookEvent > ORDER.COMPLETED + capture_id only (no nested captures) is not paid (PAYPAL-3)
(skip) PayPalGateway > parseWebhookEvent > should aggregate multi-capture amounts on ORDER.COMPLETED webhooks (PAYPAL-5)
(skip) PayPalGateway > parseWebhookEvent > should aggregate multi-capture amount by create_time order without single capture id (PAYPAL-1)
(skip) PayPalGateway > parseWebhookEvent > ORDER multi-capture with one REFUNDED sibling → partially_refunded, excludes refunded face (PAYPAL-2)
(skip) PayPalGateway > parseWebhookEvent > ORDER multi-capture last/related REFUNDED + one held sibling uses held capture id (PAYPAL-ID-1)
(skip) PayPalGateway > parseWebhookEvent > ORDER multi-capture two still-held siblings keeps order id (PAYPAL-ID-1)
(skip) PayPalGateway > parseWebhookEvent > CAPTURE.REFUNDED multi-capture related_ids refunded slice uses held capture (PAYPAL-ID-1)
(skip) PayPalGateway > parseWebhookEvent > ORDER multi-capture all REFUNDED → amount 0 remaining with currency (PAYPAL-5)
(skip) PayPalGateway > parseWebhookEvent > ORDER.COMPLETED under-total multi-capture → partially_captured not paid (audit PAYPAL-2)
(skip) PayPalGateway > parseWebhookEvent > should map CHECKOUT.ORDER.COMPLETED auth-only to authorized (PAYPAL-2; not approved/paid)
(skip) PayPalGateway > parseWebhookEvent > ORDER.COMPLETED matching totals without final_capture is not paid (NEW-PAYPAL-3)
(skip) PayPalGateway > parseWebhookEvent > ORDER.COMPLETED without order/auth totals is not paid (NEW-PAYPAL-6)
(skip) PayPalGateway > parseWebhookEvent > CHECKOUT.ORDER.COMPLETED bare (no captures/auth) is not paid (PAYPAL-1)
(skip) PayPalGateway > parseWebhookEvent > should use authorization resource id when AUTHORIZATION.CAPTURED has no capture id
(skip) PayPalGateway > parseWebhookEvent > should extract custom_id from purchase_units
(skip) PayPalGateway > parseWebhookEvent > should fall back to purchase unit reference_id when custom_id is not present
(skip) PayPalGateway > parseWebhookEvent > should map CHECKOUT.ORDER.APPROVED using event type and extract order amount
(skip) PayPalGateway > parseWebhookEvent > should parse CHECKOUT.PAYMENT-APPROVAL.REVERSED without resource id, status, or amount
(skip) PayPalGateway > parseWebhookEvent > should reject supported payment events that do not include amount data
(skip) PayPalGateway > parseWebhookEvent > should map PAYMENT.REFUND.COMPLETED to refund_completed not full refunded (PAYPAL-2)
(skip) PayPalGateway > parseWebhookEvent > should keep refund lifecycle webhooks distinct from payment failure state
(skip) PayPalGateway > parseWebhookEvent > should map failed refund webhooks to refund_failed
(skip) PayPalGateway > parseWebhookEvent > should not use refund custom_id as the original payment ID
(skip) PayPalGateway > parseWebhookEvent > should map capture reversal webhooks distinctly from merchant refunds
(skip) PayPalGateway > parseWebhookEvent > CAPTURE.REFUNDED refund-resource COMPLETED partial amount is not full refunded (PAYPAL-1)
(skip) PayPalGateway > parseWebhookEvent > CAPTURE.REFUNDED refund-resource COMPLETED is not type-only refund.completed (PAYPAL-DW-1)
(skip) PayPalGateway > parseWebhookEvent > should preserve partially refunded capture webhook status
(skip) PayPalGateway > parseWebhookEvent > CAPTURE.REFUNDED this-op COMPLETED with breakdown publishes remaining not face (NEW-PAYPAL-4)
(skip) PayPalGateway > parseWebhookEvent > CAPTURE.REFUNDED this-op COMPLETED without remaining-held omits face (NEW-PAYPAL-4)
(skip) PayPalGateway > parseWebhookEvent > CAPTURE.REFUNDED order-shaped COMPLETED does not publish order face (NEW-PAYPAL-4)
(skip) PayPalGateway > parseWebhookEvent > CAPTURE.REVERSED this-op COMPLETED publishes 0 remaining not face (NEW-PAYPAL-4)
(skip) PayPalGateway > parseWebhookEvent > CAPTURE.REFUNDED fully refunded publishes 0 remaining not face (audit PAYPAL-2)
(skip) PayPalGateway > parseWebhookEvent > CAPTURE.REFUNDED partial with breakdown publishes net remaining (audit PAYPAL-2)
(skip) PayPalGateway > parseWebhookEvent > CAPTURE.REFUNDED remaining held is exact on bigint minors (PAYPAL-2 float trap)
(skip) PayPalGateway > parseWebhookEvent > CAPTURE.REFUNDED face equals total_refunded → exact zero remaining omit path (PAYPAL-2)
(skip) PayPalGateway > parseWebhookEvent > CAPTURE.REFUNDED KWD 3-decimal remaining held is honest (PAYPAL-2)
(skip) PayPalGateway > parseWebhookEvent > ORDER multi-capture REFUNDED + PENDING sibling → partially_refunded (PAYPAL-3)
(skip) PayPalGateway > parseWebhookEvent > should throw error for invalid payload (missing id)
(skip) PayPalGateway > parseWebhookEvent > should throw error for invalid payload (missing event_type)
(skip) PayPalGateway > parseWebhookEvent > should throw error for invalid payload (missing resource)
(skip) PayPalGateway > parseWebhookEvent > should throw error for non-object payload
(skip) PayPalGateway > parseWebhookEvent > should parse string and Buffer JSON payloads
(skip) PayPalGateway > parseWebhookEvent > Phase 7 dual-write: PAYMENT.CAPTURE.COMPLETED → capture.completed (not payment.succeeded)
(skip) PayPalGateway > parseWebhookEvent > payloadHash is compact identity not full raw tree (NEW-PERF-1)
(skip) PayPalGateway > parseWebhookEvent > Phase 7 dual-write: AUTHORIZATION.PARTIALLY_CAPTURED → payment.processing (not capture.completed)
(skip) PayPalGateway > parseWebhookEvent > PAYMENT.CAPTURE.COMPLETED with final_capture false → partially_captured (PAYPAL-3)
(skip) PayPalGateway > parseWebhookEvent > PAYMENT.CAPTURE.COMPLETED with final_capture true stays paid
(skip) PayPalGateway > parseWebhookEvent > PAYMENT.CAPTURE.COMPLETED without final_capture is not paid (NEW-PAYPAL-3)
(skip) PayPalGateway > parseWebhookEvent > Phase 7 dual-write: refund events → refund.*
(skip) PayPalGateway > Status Mapping > should map order status 'CREATED' to 'pending'
(skip) PayPalGateway > Status Mapping > should map order status 'SAVED' to 'pending'
(skip) PayPalGateway > Status Mapping > should map order status 'APPROVED' to 'approved'
(skip) PayPalGateway > Status Mapping > should map order status 'VOIDED' to 'cancelled'
(skip) PayPalGateway > Status Mapping > should map order status 'COMPLETED' to 'paid'
(skip) PayPalGateway > Status Mapping > should map order status 'PAYER_ACTION_REQUIRED' to 'pending'
(skip) PayPalGateway > Status Mapping > should map order status 'UNKNOWN_STATUS' to 'pending'
(skip) PayPalGateway > Status Mapping > should warn when mapping an unknown order status
(skip) PayPalGateway > Status Mapping > should map resource status 'CREATED' to 'authorized'
(skip) PayPalGateway > Status Mapping > should map resource status 'COMPLETED' to 'paid'
(skip) PayPalGateway > Status Mapping > should map resource status 'CAPTURED' to 'paid'
(skip) PayPalGateway > Status Mapping > should map resource status 'PARTIALLY_CAPTURED' to 'partially_captured'
(skip) PayPalGateway > Status Mapping > should map resource status 'DENIED' to 'failed'
(skip) PayPalGateway > Status Mapping > should map resource status 'DECLINED' to 'failed'
(skip) PayPalGateway > Status Mapping > should map resource status 'PARTIALLY_REFUNDED' to 'partially_refunded'
(skip) PayPalGateway > Status Mapping > should map resource status 'PENDING' to 'pending'
(skip) PayPalGateway > Status Mapping > should map resource status 'REFUNDED' to 'refunded'
(skip) PayPalGateway > Status Mapping > should map resource status 'REVERSED' to 'reversed'
(skip) PayPalGateway > Status Mapping > should map resource status 'FAILED' to 'failed'
(skip) PayPalGateway > Status Mapping > should map resource status 'VOIDED' to 'cancelled'
(skip) PayPalGateway > Status Mapping > should map resource status 'EXPIRED' to 'cancelled'
(skip) PayPalGateway > Status Mapping > should map resource status 'UNKNOWN' to 'pending'
(skip) PayPalGateway > Status Mapping > should warn when mapping an unknown resource status
(skip) PayPalGateway > Status Mapping > should map unknown terminal-looking resource statuses to failed (fail-closed)
(skip) PayPalGateway > Error Mapping > should map CARD_EXPIRED to CardDeclinedError
(skip) PayPalGateway > Error Mapping > should map INSTRUMENT_DECLINED to CardDeclinedError
(skip) PayPalGateway > createPayment > should create order with correct request body
(skip) PayPalGateway > createPayment > should use returnUrl and cancelUrl when provided
(skip) PayPalGateway > createPayment > should allow returnUrl-only create and use returnUrl for both return_url and cancel_url
(skip) PayPalGateway > createPayment > should reject SET_PROVIDED_ADDRESS until shipping address params are supported
(skip) PayPalGateway > createPayment > should include PayPal-Request-Id header for idempotency
(skip) PayPalGateway > createPayment > trims idempotencyKey before sending PayPal-Request-Id (PAYPAL-IDEM-1)
(skip) PayPalGateway > createPayment > omitted idempotencyKey still sends minted PayPal-Request-Id (PAYPAL-IDEM-1)
(skip) PayPalGateway > createPayment > should use payer-action approval links returned by current PayPal APIs
(skip) PayPalGateway > createPayment > create HTTP 200 missing approval link is indeterminate, not a clean API throw
(skip) PayPalGateway > createPayment > create HTTP 200 missing id is indeterminate, not a clean API throw
(skip) PayPalGateway > createPayment > create HTTP 200 empty body is indeterminate, not a clean API throw
(skip) PayPalGateway > createPayment > create HTTP 200 empty or non-JSON body is indeterminate, not invented {} (S20-PAYPAL-JSON)
(skip) PayPalGateway > createPayment > should create AUTHORIZE-intent orders when capture is false
(skip) PayPalGateway > createPayment > should format zero-decimal PayPal currencies without cents
(skip) PayPalGateway > createPayment > should reject fractional amounts for zero-decimal PayPal currencies
(skip) PayPalGateway > createPayment > should accept Money amount input for createPayment
(skip) PayPalGateway > createPayment > should reject non-string PayPal custom IDs before calling PayPal
(skip) PayPalGateway > createPayment > should reject descriptions longer than PayPal supports before calling PayPal
(skip) PayPalGateway > createPayment > should reject orderIds longer than PayPal reference_id supports before calling PayPal
(skip) PayPalGateway > createPayment > should reject PayPal request IDs longer than PayPal supports
(skip) PayPalGateway > createPayment > should throw GatewayApiError on API failure
(skip) PayPalGateway > createPayment > should not retry non-retryable PayPal 4xx errors
(skip) PayPalGateway > createPayment > should retry PayPal resource conflicts when the previous request is still in progress
(skip) PayPalGateway > createPayment > should include detailed error message from details array
(skip) PayPalGateway > createPayment > should return InvalidRequestError when PayPal sends a non-JSON 4xx body
(skip) PayPalGateway > capturePayment > S19-EPHEMERAL-KEY: capturePayment requires caller idempotencyKey before POST
(skip) PayPalGateway > capturePayment > should capture order and return capture ID
(skip) PayPalGateway > capturePayment > order capture HTTP 200 COMPLETED without final_capture is not paid (NEW-PAYPAL-7)
(skip) PayPalGateway > capturePayment > order capture HTTP 200 COMPLETED with final_capture true is paid
(skip) PayPalGateway > capturePayment > should return success true with pending status for pending captures and warn
(skip) PayPalGateway > capturePayment > should set success false when capture maps to failed
(skip) PayPalGateway > capturePayment > should reject successful order captures without capture details
(skip) PayPalGateway > capturePayment > should include PayPal-Request-Id header when capturing orders
(skip) PayPalGateway > capturePayment > should capture PayPal authorizations when requested
(skip) PayPalGateway > capturePayment > should default partial authorization captures to final_capture false
(skip) PayPalGateway > capturePayment > should allow final_capture true on partial amount when paypalFinalCapture is true
(skip) PayPalGateway > capturePayment > should reject amount on order captures because PayPal only supports partial authorization captures
(skip) PayPalGateway > capturePayment > should mark full authorization captures as final by default
(skip) PayPalGateway > capturePayment > should allow non-final authorization captures when explicitly requested
(skip) PayPalGateway > capturePayment > S19-EPHEMERAL-KEY: authorizePayment requires caller idempotencyKey before POST
(skip) PayPalGateway > capturePayment > should authorize an approved AUTHORIZE-intent order and return authorization ID
(skip) PayPalGateway > capturePayment > should set success false when authorize maps to failed
(skip) PayPalGateway > capturePayment > should reject successful authorize responses without authorization details
(skip) PayPalGateway > capturePayment > should reject capture-only fields on authorizePayment before calling PayPal
(skip) PayPalGateway > capturePayment > should map partially captured authorizations distinctly
(skip) PayPalGateway > refundPayment > S19-EPHEMERAL-KEY: refundPayment requires caller idempotencyKey before POST
(skip) PayPalGateway > refundPayment > should throw error when currency is missing for partial refund
(skip) PayPalGateway > refundPayment > should reject refund reasons longer than PayPal note_to_payer supports
(skip) PayPalGateway > refundPayment > should refund successfully with currency
(skip) PayPalGateway > refundPayment > omits totalRefunded when only this-op amount is known (PAYPAL-2 fail-closed)
(skip) PayPalGateway > refundPayment > maps cumulative totalRefunded from seller_payable_breakdown (PAYPAL-2)
(skip) PayPalGateway > refundPayment > maps cumulative totalRefunded from capture GET when refund body omits breakdown (PAYPAL-2)
(skip) PayPalGateway > refundPayment > refund HTTP 200 missing id is indeterminate, not a clean API throw
(skip) PayPalGateway > refundPayment > refund HTTP 200 empty body is indeterminate, not a clean API throw
(skip) PayPalGateway > refundPayment > refund HTTP 200 empty or non-JSON body is indeterminate, not invented {} (S20-PAYPAL-JSON)
(skip) PayPalGateway > refundPayment > should map failed refund statuses to failed with success false
(skip) PayPalGateway > refundPayment > S20-PAYPAL-REFUND-UNKNOWN: HTTP 200 unknown refund status is pending, never failed
(skip) PayPalGateway > refundPayment > should clarify that refunds need a capture ID when the resource is not found
(skip) PayPalGateway > refundPayment > should refund full amount without currency
(skip) PayPalGateway > refundPayment > should allow longer Payments v2 idempotency keys for refunds
(skip) PayPalGateway > voidPayment > S19-EPHEMERAL-KEY: voidPayment requires caller idempotencyKey before POST
(skip) PayPalGateway > voidPayment > should void an authorized payment successfully (204 response)
(skip) PayPalGateway > voidPayment > should call correct void endpoint
(skip) PayPalGateway > voidPayment > should throw InvalidRequestError when void fails business validation
(skip) PayPalGateway > Token Caching > should cache access token and reuse it
(skip) PayPalGateway > Token Caching > should refresh the cached token once when PayPal returns 401
(skip) PayPalGateway > Token Caching > should reject malformed access token responses without expires_in
(skip) PayPalGateway > Token Caching > should compare tokenExpiry against clock.nowMs() not wall Date (P610-CLK-1)
(skip) PayPalGateway > Lifecycle Hooks > should execute beforeCreatePayment hook
(skip) PayPalGateway > Lifecycle Hooks > should abort payment when hook returns proceed: false
(skip) PayPalGateway > Lifecycle Hooks > should execute PayPal authorizePayment hooks separately from capture hooks
(skip) PayPalGateway > getPayment > should retrieve order details
(skip) PayPalGateway > getPayment > GET HTTP 200 empty or non-JSON throws GatewayApiError without inventing {} (S20-PAYPAL-JSON)
(skip) PayPalGateway > getPayment > APPROVED order (pre-capture) is not isPaidOutcome / not succeeded
(skip) PayPalGateway > getPayment > COMPLETED capture order is isPaidOutcome true
(skip) PayPalGateway > getPayment > should retry transient getPayment failures
(skip) PayPalGateway > getPayment > should run global hooks for getPayment
(skip) PayPalGateway > getPayment > should omit captureId on multi-capture and aggregate held amounts (PAYPAL-1)
(skip) PayPalGateway > getPayment > multi-capture with REFUNDED sibling is not false paid; amounts exclude refunded face (PAYPAL-2)
(skip) PayPalGateway > getPayment > multi-capture all REFUNDED → refunded with zero held amount (PAYPAL-2)
(skip) PayPalGateway > getPayment > PARTIALLY_REFUNDED capture alone does not report face amount as held (PAYPAL-2 fail-closed)
(skip) PayPalGateway > getPayment > should not prefer COMPLETED capture over PARTIALLY_CAPTURED authorization (PAYPAL-2)
(skip) PayPalGateway > getPayment > getPayment matching totals without final_capture is not paid (NEW-PAYPAL-3)
(skip) PayPalGateway > getPayment > should map multi-capture under order total to partially_captured
(skip) PayPalGateway > getPayment > should retrieve capture details when gatewayPaymentId is a PayPal capture ID
(skip) PayPalGateway > getPayment > capture GET after PARTIALLY_REFUNDED omits face amount without net remaining (PAYPAL-3)
(skip) PayPalGateway > getPayment > capture GET after PARTIALLY_REFUNDED publishes net remaining when breakdown present (PAYPAL-3)
(skip) PayPalGateway > getPayment > capture GET remaining held uses bigint minors not float subtract (PAYPAL-2)
(skip) PayPalGateway > getPayment > capture GET face equals total_refunded → remainingMinor 0n omits held (PAYPAL-2)
(skip) PayPalGateway > getPayment > multi-capture REFUNDED + PENDING sibling is partially_refunded not refunded (PAYPAL-3)
(skip) PayPalGateway > getPayment > capture GET after REFUNDED omits face amount (PAYPAL-3)
(skip) PayPalGateway > getPayment > capture GET after REVERSED omits face amount (audit PAYPAL-1)
(skip) PayPalGateway > getPayment > getPayment by capture ID missing final_capture is not paid (NEW-PAYPAL-3)
(skip) PayPalGateway > getPayment > getPayment by capture ID with final_capture false → partially_captured not paid (PAYPAL-1 audit)
(skip) PayPalGateway > getPayment > should retrieve authorization details when gatewayPaymentId is a PayPal authorization ID
(skip) PayPalGateway > getPayment > authorization GET omits related_ids.capture_id when siblings cannot be proven (NEW-PAYPAL-5)
(skip) PayPalGateway > getPayment > getPayment ORDER.COMPLETED without totals is not paid (NEW-PAYPAL-6)
(skip) PayPalGateway > getPayment > bare COMPLETED order without captures is not isPaidOutcome (PAYPAL-1)
(skip) PayPalGateway > getPayment > getPaymentStatus > bare COMPLETED order without captures is not paid (PAYPAL-1)
(skip) PayPalGateway > getPayment > getPaymentStatus > should return status for capture IDs returned as capturePayment gatewayId
(skip) PayPalGateway > Abort and timeout (P610-ABT-4) > should time out while reading a hanging PayPal response body
(skip) PayPalGateway > Abort and timeout (P610-ABT-4) > should thread caller AbortSignal into token acquisition
(skip) StripeGateway customers and payment methods > createCustomer POSTs /v1/customers and returns a succeeded snapshot
(skip) StripeGateway customers and payment methods > createCustomer requires a caller idempotencyKey before POST
(skip) StripeGateway customers and payment methods > createCustomer HTTP 200 without id is indeterminate
(skip) StripeGateway customers and payment methods > createCustomer empty HTTP 200 is indeterminate, not a throw
(skip) StripeGateway customers and payment methods > getCustomer GETs /v1/customers/:id
(skip) StripeGateway customers and payment methods > getCustomer maps deleted customers
(skip) StripeGateway customers and payment methods > getCustomer rejects malformed ids before fetch
(skip) StripeGateway customers and payment methods > P22-GET-FLAG-2: GET 200 customer body without id is not afterProviderSubmit
(skip) StripeGateway customers and payment methods > getCustomer 404 is a failed outcome, not a throw
(skip) StripeGateway customers and payment methods > attachPaymentMethod POSTs /v1/payment_methods/:id/attach
(skip) StripeGateway customers and payment methods > attachPaymentMethod converts tok_ into a PaymentMethod then attaches it
(skip) StripeGateway customers and payment methods > attachPaymentMethod with a pm_ token attaches directly
(skip) StripeGateway customers and payment methods > P22R3-ATTACH-XOR: paymentMethodId and token that differ do not fetch
(skip) StripeGateway customers and payment methods > P22R3-IDEM-TRUNC: 255-char keys that differ only in the tail produce different step keys
(skip) StripeGateway customers and payment methods > attachPaymentMethod rejects unknown token prefixes before fetch
(skip) StripeGateway customers and payment methods > attachPaymentMethod tok_ create without id is indeterminate and skips attach
(skip) StripeGateway customers and payment methods > listPaymentMethods GETs /v1/customers/:id/payment_methods
(skip) StripeGateway customers and payment methods > P22-LIST-TRUNC: listPaymentMethods pages while has_more is true
(skip) StripeGateway customers and payment methods > P22R3-LIST-PM-CAP: listPaymentMethods throws NetworkError after 20 pages if has_more
(skip) StripeGateway customers and payment methods > P22R3-LIST-404: listPaymentMethods 404 is failed
(skip) StripeGateway customers and payment methods > P22R3-LAST4: last4 is published only when it is 2-4 digits
(skip) StripeGateway customers and payment methods > detachPaymentMethod POSTs /v1/payment_methods/:id/detach
(skip) StripeGateway customers and payment methods > P22-EMPTY-CUS: detach without customerId does not publish empty customerId
(skip) StripeGateway customers and payment methods > P22-OFFSESSION-CUS: off-session without customer does not fetch
(skip) StripeGateway customers and payment methods > createPayment maps customerId and paymentMethodId onto the PaymentIntent
(skip) StripeGateway customers and payment methods > createPayment rejects conflicting customerId and stripeCustomerId
(skip) StripeGateway customers and payment methods > PaymentClient createCustomer reaches Stripe HTTP
(skip) StripeGateway > verifyWebhook > should return true for valid signature
(skip) StripeGateway > verifyWebhook > should fail for invalid signature
(skip) StripeGateway > verifyWebhook > should fail for old timestamp
(skip) StripeGateway > verifyWebhook > should reject aged timestamps older than 300 seconds
(skip) StripeGateway > verifyWebhook > should reject far-future timestamps outside bidirectional 300s tolerance (STRIPE-4)
(skip) StripeGateway > verifyWebhook > should accept near-future timestamps within bidirectional 300s tolerance
(skip) StripeGateway > verifyWebhook > should throw InvalidRequestError when webhook secret is missing (I10)
(skip) StripeGateway > verifyWebhook > should accept any matching v1 signature in the header
(skip) StripeGateway > verifyWebhook > should read stripe-signature headers case-insensitively
(skip) StripeGateway > verifyWebhook > should reject parsed objects because raw body is required
(skip) StripeGateway > verifyWebhook > should verify Buffer payloads using the exact raw bytes
(skip) StripeGateway > parseWebhookEvent > should parse payment_intent.succeeded event
(skip) StripeGateway > parseWebhookEvent > should not reject Stripe webhook API versions unless explicitly configured
(skip) StripeGateway > parseWebhookEvent > should allow configured Stripe webhook API versions
(skip) StripeGateway > parseWebhookEvent > should reject Stripe webhooks that mismatch an explicit webhook API version
(skip) StripeGateway > parseWebhookEvent > should parse raw Buffer payloads
(skip) StripeGateway > parseWebhookEvent > should parse checkout.session.completed event
(skip) StripeGateway > parseWebhookEvent > STRIPE-CKO-1: hydrated checkout.session.completed after refund is not paid
(skip) StripeGateway > parseWebhookEvent > STRIPE-CKO-1: hydrated checkout.session.completed partial refund is not paid
(skip) StripeGateway > parseWebhookEvent > STRIPE-CKO-1: hydrated checkout.session.completed with charges.data refund is not paid
(skip) StripeGateway > parseWebhookEvent > S19-CKO-AMOUNT: hydrated checkout.session.completed publishes amount_received not amount_total
(skip) StripeGateway > parseWebhookEvent > S19-CKO-UNEXPANDED: classic string payment_intent is processing not paid
(skip) StripeGateway > parseWebhookEvent > STRIPE-CKO-1: hydrated checkout.session.completed without charge snapshot is processing
(skip) StripeGateway > parseWebhookEvent > STRIPE-CKO-1: async_payment_succeeded after refund is not paid
(skip) StripeGateway > parseWebhookEvent > should parse setup checkout completion as setup_completed
(skip) StripeGateway > parseWebhookEvent > should use SetupIntent ID for setup checkout completion when Stripe includes it
(skip) StripeGateway > parseWebhookEvent > should mark payment-mode no_payment_required complete as paid (not setup_completed)
(skip) StripeGateway > parseWebhookEvent > payment-mode no_payment_required with unset amount_total stays paid
(skip) StripeGateway > parseWebhookEvent > payment-mode no_payment_required with amount_total > 0 must not invent paid
(skip) StripeGateway > parseWebhookEvent > STRIPE-2: subscription-mode no_payment_required must not complete as paid
(skip) StripeGateway > parseWebhookEvent > STRIPE-3: no_payment_required with missing mode fails closed to pending (not paid)
(skip) StripeGateway > parseWebhookEvent > should use Subscription ID for subscription checkout completion
(skip) StripeGateway > parseWebhookEvent > should prefer Subscription ID over PaymentIntent when both are present on subscription checkout
(skip) StripeGateway > parseWebhookEvent > should parse JPY webhook amounts without dividing by 100
(skip) StripeGateway > parseWebhookEvent > STRIPE-2: omits amount on checkout.session when currency is missing (no usd default)
(skip) StripeGateway > parseWebhookEvent > STRIPE-2: omits amount on invoice when currency is missing (no usd default)
(skip) StripeGateway > parseWebhookEvent > should use related PaymentIntent for charge refund events
(skip) StripeGateway > parseWebhookEvent > should mark charge.refunded partial refunds as partially_refunded
(skip) StripeGateway > parseWebhookEvent > should treat charge.refunded===true as full refund and use amount_refunded for amount
(skip) StripeGateway > parseWebhookEvent > should fail closed on charge.refunded when amount_refunded is 0 (not partially_refunded)
(skip) StripeGateway > parseWebhookEvent > should compare charge.refunded amount_refunded to amount_captured when present
(skip) StripeGateway > parseWebhookEvent > should use related PaymentIntent for legacy refund update events
(skip) StripeGateway > parseWebhookEvent > should not guess full or partial refund status without expanded charge totals
(skip) StripeGateway > parseWebhookEvent > should mark refund.created succeeded as completed when aggregate payment state is unknown
(skip) StripeGateway > parseWebhookEvent > should mark refund events as fully refunded when expanded charge totals prove it
(skip) StripeGateway > parseWebhookEvent > should use amount_captured as refund completeness base on expanded charge
(skip) StripeGateway > parseWebhookEvent > should treat expanded charge.refunded===true as full refund on refund webhooks
(skip) StripeGateway > parseWebhookEvent > STRIPE-1: refund.* with expanded charge amount_refunded===0 is fail-closed (not partially_refunded)
(skip) StripeGateway > parseWebhookEvent > STRIPE-1: refund.failed maps to refund_failed not payment status
(skip) StripeGateway > parseWebhookEvent > STRIPE-1: refund.updated canceled maps to refund_failed not payment status
(skip) StripeGateway > parseWebhookEvent > STRIPE-1: in-flight refund.updated maps to refund_pending not payment status
(skip) StripeGateway > parseWebhookEvent > STRIPE-3: refund.* proven aggregate status publishes amount_refunded not per-refund face
(skip) StripeGateway > parseWebhookEvent > should normalize paid subscription invoice events
(skip) StripeGateway > parseWebhookEvent > should resolve invoice gatewayPaymentId from top-level subscription when payment_intent is absent
(skip) StripeGateway > parseWebhookEvent > should prefer payment_intent for invoice.paid and keep subscription as gatewaySubscriptionId
(skip) StripeGateway > parseWebhookEvent > should use payments.data default payment_intent when subscription fields are absent
(skip) StripeGateway > parseWebhookEvent > NEW-STRIPE-INV-1: invoice.paid with post-payment credit notes is not full paid
(skip) StripeGateway > parseWebhookEvent > NEW-STRIPE-INV-1: invoice.paid amount does not use amount_due as collected
(skip) StripeGateway > parseWebhookEvent > NEW-STRIPE-INV-1: invoice.paid void/uncollectible object status is not paid
(skip) StripeGateway > parseWebhookEvent > NEW-STRIPE-SETUP-1: setup_intent.succeeded status is setup_completed
(skip) StripeGateway > parseWebhookEvent > should prefer amount_received for succeeded PaymentIntent webhooks
(skip) StripeGateway > parseWebhookEvent > should mark payment_intent.succeeded partial captures as partially_captured
(skip) StripeGateway > parseWebhookEvent > STRIPE-3: incomplete settled (no amount_received) dual-write is payment.processing not payment.succeeded
(skip) StripeGateway > parseWebhookEvent > should use amount_captured fallback when amount_received is missing
(skip) StripeGateway > parseWebhookEvent > should treat amount_captured equal to amount as paid when amount_received missing
(skip) StripeGateway > parseWebhookEvent > STRIPE-2: payment_intent.succeeded with amount_refunded is not paid
(skip) StripeGateway > parseWebhookEvent > STRIPE-2: payment_intent.succeeded with partial amount_refunded is partially_refunded
(skip) StripeGateway > parseWebhookEvent > STRIPE-2: payment_intent.succeeded with string latest_charge + amount_received is paid
(skip) StripeGateway > parseWebhookEvent > STRIPE-2: payment_intent.succeeded with id-only latest_charge object + amount_received is paid
(skip) StripeGateway > parseWebhookEvent > STRIPE-2: unexpanded latest_charge without amount_received stays processing
(skip) StripeGateway > parseWebhookEvent > STRIPE-CHG-1: payment_intent.succeeded omitted latest_charge + charges.data amount_refunded is not paid
(skip) StripeGateway > parseWebhookEvent > S19-STRIPE-LATE-REFUND: payment_intent.succeeded after charge.refunded is not paid when charges.data proves refunds
(skip) StripeGateway > parseWebhookEvent > STRIPE-CHG-1: unexpanded latest_charge still uses observable charges.data refunds
(skip) StripeGateway > parseWebhookEvent > STRIPE-CHG-1: hydrated checkout string latest_charge rematches charges.data refund
(skip) StripeGateway > parseWebhookEvent > NEW-STRIPE-2: hydrated checkout.session.completed with id-only latest_charge is processing
(skip) StripeGateway > parseWebhookEvent > S19-STRIPE-DISPUTE: charge.dispute.created does not map a paid envelope to pending
(skip) StripeGateway > parseWebhookEvent > P22R3-PLINK-WH: payment_link.updated is not pending and not a paid payment
(skip) StripeGateway > parseWebhookEvent > S19-STRIPE-DISPUTE: charge.dispute.closed lost is not pending
(skip) StripeGateway > parseWebhookEvent > should omit currency when Stripe omits it on the webhook object
(skip) StripeGateway > parseWebhookEvent > should normalize failed invoice payment events
(skip) StripeGateway > parseWebhookEvent > should normalize subscription lifecycle events
(skip) StripeGateway > parseWebhookEvent > should map unpaid subscription status to pending (not cancelled)
(skip) StripeGateway > parseWebhookEvent > should map trialing subscription status to pending (not paid)
(skip) StripeGateway > parseWebhookEvent > should map active subscription status to processing not paid (STRIPE-1)
(skip) StripeGateway > parseWebhookEvent > should map incomplete_expired subscription status to cancelled
(skip) StripeGateway > parseWebhookEvent > should leave unhandled non-payment_intent events pending even for foreign statuses like active
(skip) StripeGateway > parseWebhookEvent > should reject non-snapshot webhook payloads with a clear error
(skip) StripeGateway > parseWebhookEvent > Phase 7 dual-write: payment_intent.succeeded → payment.succeeded
(skip) StripeGateway > parseWebhookEvent > Phase 7 dual-write: failed / cancelled / refunded stable types
(skip) StripeGateway > parseWebhookEvent > Phase 7 dual-write: invoice events stay provider.unmapped
(skip) StripeGateway > createPayment > should create payment intent
(skip) StripeGateway > createPayment > should create JPY payment intent without multiplying by 100
(skip) StripeGateway > createPayment > should reject unknown currency codes like JYP (not default exponent 2)
(skip) StripeGateway > createPayment > keeps Stripe-specific exponent tables for MGA
(skip) StripeGateway > createPayment > keeps Stripe-specific exponent tables for ISK
(skip) StripeGateway > createPayment > keeps Stripe-specific exponent tables for UGX
(skip) StripeGateway > createPayment > should create three-decimal currency payment intents in minor units
(skip) StripeGateway > createPayment > should reject three-decimal currency amounts not divisible by 10 in minor units
(skip) StripeGateway > createPayment > should confirm payment if method ID provided
(skip) StripeGateway > createPayment > should disable redirect payment methods when confirming without callbackUrl
(skip) StripeGateway > createPayment > should create payment with manual capture when capture is false
(skip) StripeGateway > createPayment > should not force automatic capture when capture is true/defaulted
(skip) StripeGateway > createPayment > should reject metadata objects because Stripe metadata is scalar strings
(skip) StripeGateway > createPayment > should reject amounts with too many decimals
(skip) StripeGateway > createPayment > should accept Money amount input for createPayment
(skip) StripeGateway > createPayment > should leave settlement-dependent minimum amount validation to Stripe
(skip) StripeGateway > createPayment > should reject charges above the currency-specific Stripe maximum
(skip) StripeGateway > createPayment > should allow higher Stripe maximums for currencies that support them
(skip) StripeGateway > createPayment > should reject JPY charges above the 12-digit card maximum
(skip) StripeGateway > createPayment > should accept valid decimal amounts affected by floating point representation
(skip) StripeGateway > createPayment > STRIPE-1: createPayment publishes currency with major-unit amount
(skip) StripeGateway > createPayment > should fail closed on createPayment when PI succeeded but settled amount missing
(skip) StripeGateway > createPayment > NEW-STRIPE-3: empty HTTP 200 on create is indeterminate, not failed/pending
(skip) StripeGateway > createPayment > NEW-STRIPE-3: HTTP 200 {} on create is indeterminate, not failed/pending
(skip) StripeGateway > createPayment > NEW-STRIPE-3: create HTTP 200 with id but no status is indeterminate, not failed
(skip) StripeGateway > createPayment > NEW-STRIPE-3: non-JSON HTTP 200 on create is indeterminate, not failed
(skip) StripeGateway > createPayment > should mark createPayment paid when succeeded with amount_received
(skip) StripeGateway > createPayment > should reject Stripe metadata keys that exceed Stripe limits
(skip) StripeGateway > createPayment > should reject Stripe metadata keys with square brackets
(skip) StripeGateway > createPayment > should revalidate params modified by hooks before sending to Stripe
(skip) StripeGateway > capturePayment > should capture payment intent
(skip) StripeGateway > capturePayment > should mark partial capturePayment as partially_captured
(skip) StripeGateway > capturePayment > should fail closed when capture response omits amount_received and amount_captured
(skip) StripeGateway > capturePayment > NEW-STRIPE-3: capture HTTP 200 with id but no status is indeterminate, not failed
(skip) StripeGateway > capturePayment > should use amount_captured for capture status/amount when amount_received missing
(skip) StripeGateway > capturePayment > should capture JPY partial amount without multiplying by 100
(skip) StripeGateway > capturePayment > should leave capturable amount limits to Stripe for partial captures
(skip) StripeGateway > capturePayment > should reject partial capture without currency
(skip) StripeGateway > capturePayment > STRIPE-1: rejects partial capture when caller currency mismatches PaymentIntent
(skip) StripeGateway > capturePayment > STRIPE-1: partial capture converts majors with PaymentIntent currency scale
(skip) StripeGateway > capturePayment > should reject malformed PaymentIntent IDs before building request URLs
(skip) StripeGateway > capturePayment > S19-EPHEMERAL-KEY: capturePayment requires caller idempotencyKey before POST
(skip) StripeGateway > voidPayment > should cancel payment intent
(skip) StripeGateway > voidPayment > NEW-STRIPE-VOID-1: HTTP 200 {id} without status is not declined
(skip) StripeGateway > voidPayment > S19-EPHEMERAL-KEY: voidPayment requires caller idempotencyKey before POST
(skip) StripeGateway > createCheckoutSession > should create checkout session with simple amount
(skip) StripeGateway > createCheckoutSession > P22-CKO-CREATE-AMOUNT: HTTP 200 with amount_total and currency publishes major amount
(skip) StripeGateway > createCheckoutSession > P22-CKO-CREATE-PI: HTTP 200 maps payment_intent onto relatedIds.paymentIntentId
(skip) StripeGateway > createCheckoutSession > P22-CKO-CREATE-AMOUNT: amount_total without currency omits amount
(skip) StripeGateway > createCheckoutSession > NEW-STRIPE-CKO-200 / S19-CKO-TIMEOUT: empty HTTP 200 on createCheckoutSession is checkout-shaped indeterminate, not success:true
(skip) StripeGateway > createCheckoutSession > NEW-STRIPE-CKO-200 / S19-CKO-TIMEOUT: HTTP 200 {} on createCheckoutSession is checkout-shaped indeterminate, not success:true
(skip) StripeGateway > createCheckoutSession > NEW-STRIPE-CKO-URL: createCheckoutSession null url is not a string url
(skip) StripeGateway > createCheckoutSession > P22R3-URL-SCHEME: javascript: session url is omitted
(skip) StripeGateway > createCheckoutSession > should accept Money amount input for simple createCheckoutSession
(skip) StripeGateway > createCheckoutSession > should create checkout session with JPY simple amount without multiplying by 100
(skip) StripeGateway > createCheckoutSession > payment-mode createCheckoutSession without cancelUrl is rejected before fetch
(skip) StripeGateway > createCheckoutSession > should create checkout session with line items and customer email
(skip) StripeGateway > createCheckoutSession > should reject checkout sessions that include both customerId and customerEmail
(skip) StripeGateway > createCheckoutSession > S19-EPHEMERAL-KEY: createCheckoutSession requires caller idempotencyKey
(skip) StripeGateway > createCheckoutSession > should reject whitespace-only idempotencyKey at validation
(skip) StripeGateway > createCheckoutSession > S19-CKO-TIMEOUT: mutating checkout POST timeout is not a retryable failed-create
(skip) StripeGateway > should create checkout session in subscription mode
(skip) StripeGateway > should create checkout session in setup mode (no line items)
(skip) StripeGateway > should create checkout session with base-unit priceData amount
(skip) StripeGateway > should accept Money priceData.amount for checkout line items
(skip) StripeGateway > should reject Money priceData.amount when currency mismatches priceData.currency
(skip) StripeGateway > should enforce charge limits on major-unit priceData.amount path
(skip) StripeGateway > should propagate checkout metadata to the PaymentIntent data
(skip) StripeGateway > should stringify scalar checkout metadata values consistently
(skip) StripeGateway > should reject setup checkout without currency or payment method types
(skip) StripeGateway > should reject payment checkout without line items or simple amount
(skip) StripeGateway > should reject checkout line item without price or priceData
(skip) StripeGateway > should reject checkout line item with both price and priceData
(skip) StripeGateway > should reject empty checkout line items instead of sending an empty Stripe payload
(skip) StripeGateway > should reject checkout sessions that mix line items with amount fields
(skip) StripeGateway > should reject unsupported checkout passthrough fields instead of dropping them
(skip) StripeGateway > should reject payment checkout sessions above Stripe line item limits
(skip) StripeGateway > should reject subscription checkout sessions above Stripe recurring line item limits
(skip) StripeGateway > should reject setup checkout sessions with line items
(skip) StripeGateway > should reject inline subscription priceData without recurring settings
(skip) StripeGateway > should send recurring settings for inline subscription priceData
(skip) StripeGateway > should allow zero-amount checkout line item priceData
(skip) StripeGateway > should allow zero-amount checkout line item unitAmount
(skip) StripeGateway > should reject three-decimal unitAmount not divisible by 10
(skip) StripeGateway > STRIPE-1: rejects ISK fractional unitAmount on checkout line item
(skip) StripeGateway > STRIPE-1: rejects UGX fractional unitAmount on checkout line item
(skip) StripeGateway > STRIPE-1: rejects ISK fractional major-unit amount on checkout line item
(skip) StripeGateway > STRIPE-1: accepts whole-unit ISK unitAmount and posts unit_amount=1000
(skip) StripeGateway > STRIPE-1: accepts zero-decimal JPY unitAmount and posts unit_amount=500
(skip) StripeGateway > Apple Pay Simulation > should enable automatic payment methods for Apple Pay support
(skip) StripeGateway > refundPayment > should refund payment intent and return cumulative refunded amount
(skip) StripeGateway > refundPayment > NEW-STRIPE-REFUND-0: succeeded refund + empty list does not publish totalRefunded 0
(skip) StripeGateway > refundPayment > NEW-STRIPE-REFUND-0: pending-only refund list does not publish totalRefunded 0
(skip) StripeGateway > refundPayment > NEW-STRIPE-REFUND-0: empty list falls back to charge.amount_refunded when proven > 0
(skip) StripeGateway > refundPayment > NEW-STRIPE-REFUND-0: list error + charge.amount_refunded 0 omits totalRefunded
(skip) StripeGateway > refundPayment > NEW-STRIPE-3: empty HTTP 200 on refund is indeterminate, not pending/success
(skip) StripeGateway > refundPayment > NEW-STRIPE-3: HTTP 200 {} on refund is indeterminate, not pending/success
(skip) StripeGateway > refundPayment > NEW-STRIPE-3: refund HTTP 200 with id but no status is indeterminate
(skip) StripeGateway > refundPayment > should reject partial refund without currency
(skip) StripeGateway > refundPayment > STRIPE-1: rejects partial refund when caller currency mismatches PaymentIntent
(skip) StripeGateway > refundPayment > STRIPE-1: partial refund converts majors with PaymentIntent currency scale
(skip) StripeGateway > refundPayment > should refund JPY amount without multiplying by 100
(skip) StripeGateway > refundPayment > should leave refundable amount limits to Stripe for partial refunds
(skip) StripeGateway > refundPayment > should send official Stripe refund reasons as reason
(skip) StripeGateway > refundPayment > should send custom refund reasons as metadata
(skip) StripeGateway > refundPayment > should attach caller metadata to Stripe refunds
(skip) StripeGateway > refundPayment > S19-EPHEMERAL-KEY: refundPayment requires caller idempotencyKey before POST
(skip) StripeGateway > getPayment > should reject empty payment IDs before calling Stripe
(skip) StripeGateway > getPayment > should reject malformed payment IDs before calling Stripe
(skip) StripeGateway > getPayment > should retrieve JPY payment intent without dividing by 100
(skip) StripeGateway > getPayment > should expand latest charge and return cumulative refunded amount
(skip) StripeGateway > getPayment > STRIPE-4: getPayment does not treat refund as full when captured base is missing
(skip) StripeGateway > getPayment > should mark fully refunded PaymentIntents as refunded
(skip) StripeGateway > getPayment > should mark partial refunds as partially_refunded
(skip) StripeGateway > getPayment > should prefer amount_received and mark partial captures as partially_captured
(skip) StripeGateway > getPayment > should prefer refund status over partial capture when both apply
(skip) StripeGateway > getPayment > should mark full refund of captured base using amount_captured when amount_received absent
(skip) StripeGateway > getPayment > should mark partial capture via amount_captured when amount_received absent
(skip) StripeGateway > getPayment > should fail closed on getPayment when succeeded but settled amount fields missing
(skip) StripeGateway > getPayment > STRIPE-1: re-fetches unexpanded string latest_charge and maps full refund
(skip) StripeGateway > getPayment > STRIPE-1: re-fetches unexpanded string latest_charge and maps partial refund
(skip) StripeGateway > getPayment > STRIPE-1: fail-closed to processing when unexpanded charge re-fetch fails
(skip) StripeGateway > getPayment > NEW-STRIPE-1: omitted latest_charge + charges.data[0].amount_refunded is not paid
(skip) StripeGateway > getPayment > NEW-STRIPE-1: getPayment refunded:true without amount_refunded is refunded not paid
(skip) StripeGateway > getPayment > S19-STRIPE-CHARGE-SWALLOW: GET /charges 401 is AuthenticationError, not processing
(skip) StripeGateway > getPayment > S19-STRIPE-CHARGE-SWALLOW: GET /charges 500 is NetworkError, not processing
(skip) StripeGateway > getPayment > S19-STRIPE-CHARGE-SWALLOW: GET /charges 429 is RateLimitError, not processing
(skip) StripeGateway > getPayment > NEW-STRIPE-2: getPayment id-only latest_charge is processing not paid
(skip) StripeGateway > getCheckoutSession > should retrieve a Checkout Session and expose its PaymentIntent ID
(skip) StripeGateway > getCheckoutSession > S19-CKO-GET: expanded PI amount_received is published, not amount_total
(skip) StripeGateway > getCheckoutSession > S19-CKO-GET: expanded PI with amount_refunded is not paid
(skip) StripeGateway > getCheckoutSession > P22-CKO-GET-ZERO: open unpaid GET publishes amount_total, not amount_received 0
(skip) StripeGateway > getCheckoutSession > S19-CKO-TIMEOUT: getCheckoutSession GET timeout still throws
(skip) StripeGateway > getCheckoutSession > NEW-STRIPE-0: missing amount_total is omitted, not major 0
(skip) StripeGateway > getCheckoutSession > getCheckoutSession 404 is a failed outcome, not a throw
(skip) StripeGateway > getCheckoutSession > NEW-STRIPE-CKO-200: HTTP 200 {} on getCheckoutSession is not success:true
(skip) StripeGateway > getCheckoutSession > should reject malformed Checkout Session IDs before calling Stripe
(skip) StripeGateway > error mapping > should map authentication_required to CardDeclinedError (not AuthenticationError)
(skip) StripeGateway > error mapping > should map HTTP 401 to AuthenticationError
(skip) StripeGateway > stripeRequest headers > should pin the default Stripe API version
(skip) StripeGateway > stripeRequest headers > should reject idempotency keys longer than Stripe allows
(skip) StripeGateway > stripeRequest headers > should time out hanging Stripe requests
(skip) StripeGateway > stripeRequest headers > should time out while reading a hanging Stripe response body
(skip) StripeGateway > stripeRequest headers > rejects createPayment with pre-aborted signal without hanging
(skip) StripeGateway > stripeRequest headers > aborts in-flight createPayment when caller signal fires
(skip) StripeGateway > stripeRequest headers > survives Zod validation — signal is not stripped before HTTP


12 tests failed:
(fail) MoyasarGateway > createPayment > fail-closes paid/captured family without a finite captured total (P610-MOY-2) [0.74ms]
(fail) MoyasarGateway > createPayment > fail-closes paid + finite captured 0 (MOYASAR-CAP-0) [0.55ms]
(fail) MoyasarGateway > createPayment > maps decrypted Apple Pay fields to Moyasar API names [0.55ms]
(fail) MoyasarGateway > createPayment > uppercases currency on create payment requests [0.48ms]
(fail) MoyasarGateway > createPayment > converts split amounts from major units to Moyasar minor units [1.57ms]
(fail) MoyasarGateway > createPayment > converts negative split amounts to minor units when reverse splits are used [0.66ms]
(fail) MoyasarGateway > createPayment > copies orderId into Moyasar metadata for webhook correlation [0.45ms]
(fail) MoyasarGateway > createPayment > does not overwrite explicit metadata order correlation fields [0.47ms]
(fail) MoyasarGateway > createPayment > rejects amounts below one minor unit [0.50ms]
(fail) MoyasarGateway > createPayment > rejects amounts with unsupported currency precision [0.42ms]
(fail) MoyasarGateway > capturePayment and refundPayment > uses provided currency minor units for partial capture [0.78ms]
(fail) MoyasarGateway > capturePayment and refundPayment > rejects partial capture currency that does not match payment (MOYASAR-3) [0.96ms]

 475 pass
 836 skip
 12 fail
 1663 expect() calls
Ran 1323 tests across 38 files. [4.11s]
